Model;Approach;Avg Resets;Avg StepsUntilReset;TOs;Lines...
bluetooth_oneinit.pm(mrec=4);cautious1;4.24;2104.72;0;Resets: 5 visitNo: 1 candSize: 1;init;Resets: 28 visitNo: 1 candSize: 1;Resets: 3 visitNo: 1 candSize: 1;Resets: 4 visitNo: 1 candSize: 1;Resets: 14 visitNo: 1 candSize: 1;Resets: 5 visitNo: 1 candSize: 1;init;init;Resets: 5 visitNo: 1 candSize: 1;Resets: 2 visitNo: 1 candSize: 1;Resets: 2 visitNo: 1 candSize: 1;Resets: 5 visitNo: 1 candSize: 1;Resets: 1 visitNo: 1 candSize: 1;Resets: 2 visitNo: 1 candSize: 1;Resets: 1 visitNo: 1 candSize: 1;Resets: 15 visitNo: 1 candSize: 1;Resets: 8 visitNo: 1 candSize: 1;Resets: 4 visitNo: 1 candSize: 1;init;Resets: 12 visitNo: 1 candSize: 1;Resets: 8 visitNo: 1 candSize: 1;Resets: 2 visitNo: 1 candSize: 1;Resets: 2 visitNo: 1 candSize: 1;Resets: 2 visitNo: 1 candSize: 1;Resets: 5 visitNo: 1 candSize: 1;Resets: 3 visitNo: 1 candSize: 1;Resets: 5 visitNo: 1 candSize: 1;Resets: 3 visitNo: 1 candSize: 1;init;Resets: 2 visitNo: 1 candSize: 1;init;Resets: 3 visitNo: 1 candSize: 1;Resets: 1 visitNo: 1 candSize: 1;init;Resets: 2 visitNo: 1 candSize: 1;Resets: 2 visitNo: 1 candSize: 1;Resets: 1 visitNo: 1 candSize: 1;Resets: 10 visitNo: 1 candSize: 1;Resets: 2 visitNo: 1 candSize: 1;Resets: 9 visitNo: 1 candSize: 1;Resets: 2 visitNo: 1 candSize: 1;Resets: 3 visitNo: 1 candSize: 1;Resets: 4 visitNo: 1 candSize: 1;Resets: 3 visitNo: 1 candSize: 1;Resets: 6 visitNo: 1 candSize: 1;Resets: 2 visitNo: 1 candSize: 1;Resets: 3 visitNo: 1 candSize: 1;Resets: 3 visitNo: 1 candSize: 1;Resets: 1 visitNo: 1 candSize: 1;Resets: 4 visitNo: 1 candSize: 1;Resets: 1 visitNo: 1 candSize: 1;Resets: 1 visitNo: 1 candSize: 1;Resets: 3 visitNo: 1 candSize: 1;Resets: 4 visitNo: 1 candSize: 1;Resets: 7 visitNo: 1 candSize: 1;Resets: 1 visitNo: 1 candSize: 1;Resets: 9 visitNo: 1 candSize: 1;Resets: 1 visitNo: 1 candSize: 1;Resets: 4 visitNo: 1 candSize: 1;Resets: 1 visitNo: 1 candSize: 1;Resets: 1 visitNo: 1 candSize: 1;init;Resets: 7 visitNo: 1 candSize: 1;init;Resets: 6 visitNo: 1 candSize: 1;Resets: 2 visitNo: 1 candSize: 1;Resets: 7 visitNo: 1 candSize: 1;Resets: 14 visitNo: 1 candSize: 1;Resets: 15 visitNo: 1 candSize: 1;Resets: 2 visitNo: 1 candSize: 1;Resets: 10 visitNo: 1 candSize: 1;Resets: 11 visitNo: 1 candSize: 1;Resets: 3 visitNo: 1 candSize: 1;Resets: 7 visitNo: 1 candSize: 1;init;Resets: 1 visitNo: 1 candSize: 1;Resets: 2 visitNo: 1 candSize: 1;Resets: 6 visitNo: 1 candSize: 1;Resets: 1 visitNo: 1 candSize: 1;Resets: 6 visitNo: 1 candSize: 1;init;Resets: 2 visitNo: 1 candSize: 1;init;Resets: 2 visitNo: 1 candSize: 1;Resets: 14 visitNo: 1 candSize: 1;init;init;Resets: 9 visitNo: 1 candSize: 1;Resets: 6 visitNo: 1 candSize: 1;Resets: 2 visitNo: 1 candSize: 1;Resets: 3 visitNo: 1 candSize: 1;Resets: 9 visitNo: 1 candSize: 1;Resets: 11 visitNo: 1 candSize: 1;Resets: 19 visitNo: 1 candSize: 1;init;Resets: 4 visitNo: 1 candSize: 1;init;Resets: 1 visitNo: 1 candSize: 1;init;
nand.pm(N=50,K=3);cautious1;6.07;8510.14;0;Resets: 17 visitNo: 1 candSize: 1;Resets: 6 visitNo: 1 candSize: 1;Resets: 20 visitNo: 1 candSize: 1;Resets: 1 visitNo: 1 candSize: 1;Resets: 12 visitNo: 1 candSize: 1;Resets: 6 visitNo: 1 candSize: 1;Resets: 2 visitNo: 1 candSize: 1;Resets: 2 visitNo: 1 candSize: 1;Resets: 17 visitNo: 1 candSize: 1;Resets: 4 visitNo: 1 candSize: 1;init;Resets: 5 visitNo: 1 candSize: 1;Resets: 4 visitNo: 1 candSize: 1;Resets: 8 visitNo: 1 candSize: 1;Resets: 4 visitNo: 1 candSize: 1;init;Resets: 4 visitNo: 1 candSize: 1;Resets: 1 visitNo: 1 candSize: 1;Resets: 2 visitNo: 1 candSize: 1;Resets: 1 visitNo: 1 candSize: 1;Resets: 8 visitNo: 1 candSize: 1;Resets: 10 visitNo: 1 candSize: 1;Resets: 7 visitNo: 1 candSize: 1;Resets: 2 visitNo: 1 candSize: 1;Resets: 1 visitNo: 1 candSize: 1;Resets: 10 visitNo: 1 candSize: 1;Resets: 3 visitNo: 1 candSize: 1;Resets: 2 visitNo: 1 candSize: 1;Resets: 32 visitNo: 1 candSize: 1;Resets: 3 visitNo: 1 candSize: 1;Resets: 1 visitNo: 1 candSize: 1;Resets: 2 visitNo: 1 candSize: 1;init;init;Resets: 16 visitNo: 1 candSize: 1;Resets: 3 visitNo: 1 candSize: 1;init;Resets: 5 visitNo: 1 candSize: 1;Resets: 4 visitNo: 1 candSize: 1;Resets: 16 visitNo: 1 candSize: 1;Resets: 1 visitNo: 1 candSize: 1;Resets: 8 visitNo: 1 candSize: 1;Resets: 5 visitNo: 1 candSize: 1;Resets: 6 visitNo: 1 candSize: 1;Resets: 1 visitNo: 1 candSize: 1;Resets: 5 visitNo: 1 candSize: 1;init;Resets: 1 visitNo: 1 candSize: 1;Resets: 1 visitNo: 1 candSize: 1;init;Resets: 5 visitNo: 1 candSize: 1;Resets: 5 visitNo: 1 candSize: 1;Resets: 13 visitNo: 1 candSize: 1;Resets: 7 visitNo: 1 candSize: 1;Resets: 5 visitNo: 1 candSize: 1;Resets: 7 visitNo: 1 candSize: 1;Resets: 11 visitNo: 1 candSize: 1;Resets: 5 visitNo: 1 candSize: 1;Resets: 7 visitNo: 1 candSize: 1;init;Resets: 2 visitNo: 1 candSize: 1;Resets: 3 visitNo: 1 candSize: 1;Resets: 10 visitNo: 1 candSize: 1;Resets: 9 visitNo: 1 candSize: 1;Resets: 11 visitNo: 1 candSize: 1;Resets: 31 visitNo: 1 candSize: 1;Resets: 10 visitNo: 1 candSize: 1;Resets: 1 visitNo: 1 candSize: 1;init;Resets: 13 visitNo: 1 candSize: 1;Resets: 3 visitNo: 1 candSize: 1;Resets: 5 visitNo: 1 candSize: 1;Resets: 16 visitNo: 1 candSize: 1;Resets: 18 visitNo: 1 candSize: 1;Resets: 9 visitNo: 1 candSize: 1;Resets: 2 visitNo: 1 candSize: 1;Resets: 1 visitNo: 1 candSize: 1;init;init;Resets: 4 visitNo: 1 candSize: 1;Resets: 4 visitNo: 1 candSize: 1;init;Resets: 5 visitNo: 1 candSize: 1;Resets: 8 visitNo: 1 candSize: 1;init;Resets: 7 visitNo: 1 candSize: 1;Resets: 4 visitNo: 1 candSize: 1;Resets: 6 visitNo: 1 candSize: 1;Resets: 10 visitNo: 1 candSize: 1;Resets: 8 visitNo: 1 candSize: 1;Resets: 14 visitNo: 1 candSize: 1;Resets: 15 visitNo: 1 candSize: 1;Resets: 9 visitNo: 1 candSize: 1;Resets: 10 visitNo: 1 candSize: 1;Resets: 5 visitNo: 1 candSize: 1;Resets: 4 visitNo: 1 candSize: 1;Resets: 4 visitNo: 1 candSize: 1;Resets: 1 visitNo: 1 candSize: 1;Resets: 8 visitNo: 1 candSize: 1;Resets: 3 visitNo: 1 candSize: 1;
nand.pm(N=50,K=3);bold01;5.75;10583.19;0;init;Resets: 11 visitNo: 659 candSize: 1;Resets: 11 visitNo: 659 candSize: 1;Resets: 2 visitNo: 213 candSize: 1;Resets: 17 visitNo: 956 candSize: 1;Resets: 6 visitNo: 411 candSize: 1;Resets: 7 visitNo: 461 candSize: 1;Resets: 4 visitNo: 312 candSize: 1;Resets: 6 visitNo: 411 candSize: 1;Resets: 2 visitNo: 213 candSize: 1;init;init;init;Resets: 7 visitNo: 461 candSize: 1;Resets: 13 visitNo: 758 candSize: 1;Resets: 8 visitNo: 510 candSize: 1;Resets: 30 visitNo: 1599 candSize: 1;Resets: 11 visitNo: 659 candSize: 1;Resets: 2 visitNo: 213 candSize: 1;init;Resets: 7 visitNo: 461 candSize: 1;Resets: 3 visitNo: 263 candSize: 1;Resets: 5 visitNo: 362 candSize: 1;Resets: 14 visitNo: 807 candSize: 1;Resets: 5 visitNo: 362 candSize: 1;init;Resets: 12 visitNo: 708 candSize: 1;init;Resets: 7 visitNo: 461 candSize: 1;Resets: 12 visitNo: 708 candSize: 1;Resets: 6 visitNo: 411 candSize: 1;Resets: 7 visitNo: 461 candSize: 1;init;Resets: 2 visitNo: 213 candSize: 1;Resets: 3 visitNo: 263 candSize: 1;init;Resets: 9 visitNo: 560 candSize: 1;Resets: 6 visitNo: 411 candSize: 1;Resets: 2 visitNo: 213 candSize: 1;Resets: 3 visitNo: 263 candSize: 1;Resets: 5 visitNo: 362 candSize: 1;Resets: 1 visitNo: 164 candSize: 1;init;Resets: 2 visitNo: 213 candSize: 1;Resets: 13 visitNo: 758 candSize: 1;Resets: 3 visitNo: 263 candSize: 1;init;Resets: 1 visitNo: 164 candSize: 1;Resets: 27 visitNo: 1451 candSize: 1;Resets: 10 visitNo: 609 candSize: 1;Resets: 4 visitNo: 312 candSize: 1;Resets: 4 visitNo: 312 candSize: 1;Resets: 3 visitNo: 263 candSize: 1;Resets: 3 visitNo: 263 candSize: 1;Resets: 1 visitNo: 164 candSize: 1;Resets: 2 visitNo: 213 candSize: 1;init;Resets: 3 visitNo: 263 candSize: 1;init;init;Resets: 2 visitNo: 213 candSize: 1;init;Resets: 6 visitNo: 411 candSize: 1;Resets: 18 visitNo: 1005 candSize: 1;init;Resets: 6 visitNo: 411 candSize: 1;Resets: 1 visitNo: 164 candSize: 1;Resets: 24 visitNo: 1302 candSize: 1;Resets: 6 visitNo: 411 candSize: 1;Resets: 15 visitNo: 857 candSize: 1;Resets: 2 visitNo: 213 candSize: 1;Resets: 6 visitNo: 411 candSize: 1;Resets: 25 visitNo: 1352 candSize: 1;Resets: 1 visitNo: 164 candSize: 1;Resets: 11 visitNo: 659 candSize: 1;Resets: 1 visitNo: 164 candSize: 1;Resets: 5 visitNo: 362 candSize: 1;Resets: 5 visitNo: 362 candSize: 1;Resets: 4 visitNo: 312 candSize: 1;Resets: 7 visitNo: 461 candSize: 1;Resets: 1 visitNo: 164 candSize: 1;Resets: 6 visitNo: 411 candSize: 1;init;Resets: 31 visitNo: 1649 candSize: 1;init;Resets: 2 visitNo: 213 candSize: 1;init;Resets: 6 visitNo: 411 candSize: 1;init;init;init;Resets: 2 visitNo: 213 candSize: 1;Resets: 25 visitNo: 1352 candSize: 1;init;Resets: 7 visitNo: 461 candSize: 1;Resets: 14 visitNo: 807 candSize: 1;Resets: 2 visitNo: 213 candSize: 1;Resets: 1 visitNo: 164 candSize: 1;init;Resets: 11 visitNo: 659 candSize: 1;
herman17_oneinit.pm();cautious1;-1;-1;100;Resets: 1616 visitNo: 1 candSize: 2;Resets: 1516 visitNo: 1 candSize: 2;Resets: 1549 visitNo: 1 candSize: 2;Resets: 1493 visitNo: 1 candSize: 2;Resets: 1653 visitNo: 1 candSize: 34;Resets: 1623 visitNo: 1 candSize: 34;Resets: 1560 visitNo: 1 candSize: 2;Resets: 1559 visitNo: 1 candSize: 2;Resets: 1531 visitNo: 1 candSize: 34;Resets: 1587 visitNo: 1 candSize: 2;Resets: 1595 visitNo: 1 candSize: 2;Resets: 1625 visitNo: 1 candSize: 2;Resets: 1604 visitNo: 1 candSize: 2;Resets: 1634 visitNo: 1 candSize: 2;Resets: 1641 visitNo: 1 candSize: 2;Resets: 1534 visitNo: 1 candSize: 2;Resets: 1701 visitNo: 1 candSize: 33;Resets: 1055 visitNo: 1 candSize: 2;Resets: 1589 visitNo: 1 candSize: 2;Resets: 1627 visitNo: 1 candSize: 2;Resets: 1630 visitNo: 1 candSize: 2;Resets: 1633 visitNo: 1 candSize: 2;Resets: 1541 visitNo: 1 candSize: 2;Resets: 1501 visitNo: 1 candSize: 2;Resets: 1530 visitNo: 1 candSize: 34;Resets: 1559 visitNo: 1 candSize: 34;Resets: 1635 visitNo: 1 candSize: 34;Resets: 1622 visitNo: 1 candSize: 34;Resets: 1653 visitNo: 1 candSize: 2;Resets: 1519 visitNo: 1 candSize: 2;Resets: 1585 visitNo: 1 candSize: 34;Resets: 1530 visitNo: 1 candSize: 2;Resets: 1660 visitNo: 1 candSize: 34;Resets: 1604 visitNo: 1 candSize: 2;Resets: 1617 visitNo: 1 candSize: 34;Resets: 1050 visitNo: 1 candSize: 2;Resets: 1609 visitNo: 1 candSize: 34;Resets: 1508 visitNo: 1 candSize: 34;Resets: 1609 visitNo: 1 candSize: 34;Resets: 1598 visitNo: 1 candSize: 2;Resets: 1627 visitNo: 1 candSize: 34;Resets: 1606 visitNo: 1 candSize: 2;Resets: 1536 visitNo: 1 candSize: 2;Resets: 1711 visitNo: 1 candSize: 2;Resets: 1625 visitNo: 1 candSize: 2;Resets: 1653 visitNo: 1 candSize: 2;Resets: 1601 visitNo: 1 candSize: 2;Resets: 1656 visitNo: 1 candSize: 2;Resets: 1580 visitNo: 1 candSize: 34;Resets: 1651 visitNo: 1 candSize: 34;Resets: 1737 visitNo: 1 candSize: 34;Resets: 1605 visitNo: 1 candSize: 34;Resets: 1562 visitNo: 1 candSize: 34;Resets: 1024 visitNo: 1 candSize: 2;Resets: 1647 visitNo: 1 candSize: 34;Resets: 1652 visitNo: 1 candSize: 2;Resets: 1475 visitNo: 1 candSize: 2;Resets: 1663 visitNo: 1 candSize: 2;Resets: 1593 visitNo: 1 candSize: 2;Resets: 1627 visitNo: 1 candSize: 2;Resets: 1690 visitNo: 1 candSize: 2;Resets: 1619 visitNo: 1 candSize: 33;Resets: 1696 visitNo: 1 candSize: 2;Resets: 1671 visitNo: 1 candSize: 34;Resets: 1603 visitNo: 1 candSize: 2;Resets: 1527 visitNo: 1 candSize: 2;Resets: 1633 visitNo: 1 candSize: 2;Resets: 1584 visitNo: 1 candSize: 2;Resets: 1600 visitNo: 1 candSize: 2;Resets: 1559 visitNo: 1 candSize: 34;Resets: 1606 visitNo: 1 candSize: 2;Resets: 1029 visitNo: 1 candSize: 2;Resets: 1628 visitNo: 1 candSize: 2;Resets: 1623 visitNo: 1 candSize: 34;Resets: 1590 visitNo: 1 candSize: 2;Resets: 1660 visitNo: 1 candSize: 2;Resets: 1566 visitNo: 1 candSize: 2;Resets: 1626 visitNo: 1 candSize: 34;Resets: 1697 visitNo: 1 candSize: 2;Resets: 1604 visitNo: 1 candSize: 34;Resets: 1661 visitNo: 1 candSize: 34;Resets: 1608 visitNo: 1 candSize: 2;Resets: 1715 visitNo: 1 candSize: 2;Resets: 1607 visitNo: 1 candSize: 34;Resets: 1683 visitNo: 1 candSize: 2;Resets: 1534 visitNo: 1 candSize: 2;Resets: 1644 visitNo: 1 candSize: 2;Resets: 1611 visitNo: 1 candSize: 2;Resets: 1585 visitNo: 1 candSize: 2;Resets: 1056 visitNo: 1 candSize: 2;Resets: 1704 visitNo: 1 candSize: 2;Resets: 1563 visitNo: 1 candSize: 2;Resets: 1653 visitNo: 1 candSize: 2;Resets: 1628 visitNo: 1 candSize: 2;Resets: 1712 visitNo: 1 candSize: 2;Resets: 1565 visitNo: 1 candSize: 34;Resets: 1681 visitNo: 1 candSize: 2;Resets: 1650 visitNo: 1 candSize: 34;Resets: 1857 visitNo: 1 candSize: 2;Resets: 1722 visitNo: 1 candSize: 2;
scale.pm(N=10,M=50);cautious1;2032.78;6131.21;0;Resets: 1268 visitNo: 1 candSize: 50;Resets: 278 visitNo: 1 candSize: 50;Resets: 251 visitNo: 1 candSize: 50;Resets: 1264 visitNo: 1 candSize: 50;Resets: 6771 visitNo: 1 candSize: 50;Resets: 562 visitNo: 1 candSize: 50;Resets: 619 visitNo: 1 candSize: 50;Resets: 2655 visitNo: 1 candSize: 50;Resets: 1064 visitNo: 1 candSize: 50;Resets: 3027 visitNo: 1 candSize: 50;Resets: 7579 visitNo: 1 candSize: 50;Resets: 1899 visitNo: 1 candSize: 50;Resets: 468 visitNo: 1 candSize: 50;Resets: 1182 visitNo: 1 candSize: 50;Resets: 251 visitNo: 1 candSize: 50;Resets: 1440 visitNo: 1 candSize: 50;Resets: 3138 visitNo: 1 candSize: 50;Resets: 7433 visitNo: 1 candSize: 50;Resets: 2315 visitNo: 1 candSize: 50;Resets: 783 visitNo: 1 candSize: 50;Resets: 640 visitNo: 1 candSize: 50;Resets: 6301 visitNo: 1 candSize: 50;Resets: 638 visitNo: 1 candSize: 50;Resets: 192 visitNo: 1 candSize: 50;Resets: 2645 visitNo: 1 candSize: 50;Resets: 239 visitNo: 1 candSize: 50;Resets: 250 visitNo: 1 candSize: 50;Resets: 2547 visitNo: 1 candSize: 50;Resets: 2109 visitNo: 1 candSize: 50;Resets: 1702 visitNo: 1 candSize: 50;Resets: 735 visitNo: 1 candSize: 50;Resets: 1289 visitNo: 1 candSize: 50;Resets: 1221 visitNo: 1 candSize: 50;Resets: 3944 visitNo: 1 candSize: 50;Resets: 1130 visitNo: 1 candSize: 50;Resets: 2533 visitNo: 1 candSize: 50;Resets: 651 visitNo: 1 candSize: 50;Resets: 2254 visitNo: 1 candSize: 50;Resets: 2468 visitNo: 1 candSize: 50;Resets: 1150 visitNo: 1 candSize: 50;Resets: 579 visitNo: 1 candSize: 50;Resets: 2734 visitNo: 1 candSize: 50;Resets: 285 visitNo: 1 candSize: 50;Resets: 150 visitNo: 1 candSize: 50;Resets: 1242 visitNo: 1 candSize: 50;Resets: 726 visitNo: 1 candSize: 50;Resets: 2778 visitNo: 1 candSize: 50;Resets: 4455 visitNo: 1 candSize: 50;Resets: 1102 visitNo: 1 candSize: 50;Resets: 478 visitNo: 1 candSize: 50;Resets: 645 visitNo: 1 candSize: 50;Resets: 2446 visitNo: 1 candSize: 50;Resets: 3030 visitNo: 1 candSize: 50;Resets: 9530 visitNo: 1 candSize: 50;Resets: 4856 visitNo: 1 candSize: 50;Resets: 4932 visitNo: 1 candSize: 50;Resets: 776 visitNo: 1 candSize: 50;Resets: 53 visitNo: 1 candSize: 50;Resets: 2427 visitNo: 1 candSize: 50;Resets: 769 visitNo: 1 candSize: 50;Resets: 369 visitNo: 1 candSize: 50;Resets: 946 visitNo: 1 candSize: 50;Resets: 2977 visitNo: 1 candSize: 50;Resets: 4345 visitNo: 1 candSize: 50;Resets: 1976 visitNo: 1 candSize: 50;Resets: 1035 visitNo: 1 candSize: 50;Resets: 2304 visitNo: 1 candSize: 50;Resets: 410 visitNo: 1 candSize: 50;Resets: 827 visitNo: 1 candSize: 50;Resets: 506 visitNo: 1 candSize: 50;Resets: 314 visitNo: 1 candSize: 50;Resets: 7521 visitNo: 1 candSize: 50;Resets: 111 visitNo: 1 candSize: 50;Resets: 2293 visitNo: 1 candSize: 50;Resets: 716 visitNo: 1 candSize: 50;Resets: 1516 visitNo: 1 candSize: 50;Resets: 4630 visitNo: 1 candSize: 50;Resets: 710 visitNo: 1 candSize: 50;Resets: 874 visitNo: 1 candSize: 50;Resets: 3505 visitNo: 1 candSize: 50;Resets: 1040 visitNo: 1 candSize: 50;Resets: 1648 visitNo: 1 candSize: 50;Resets: 5209 visitNo: 1 candSize: 50;Resets: 103 visitNo: 1 candSize: 50;Resets: 2075 visitNo: 1 candSize: 50;Resets: 2437 visitNo: 1 candSize: 50;Resets: 1505 visitNo: 1 candSize: 50;Resets: 2267 visitNo: 1 candSize: 50;Resets: 857 visitNo: 1 candSize: 50;Resets: 1863 visitNo: 1 candSize: 50;Resets: 3631 visitNo: 1 candSize: 50;Resets: 1150 visitNo: 1 candSize: 50;Resets: 3552 visitNo: 1 candSize: 50;Resets: 656 visitNo: 1 candSize: 50;Resets: 1973 visitNo: 1 candSize: 50;Resets: 1660 visitNo: 1 candSize: 50;Resets: 4212 visitNo: 1 candSize: 50;Resets: 952 visitNo: 1 candSize: 50;Resets: 3083 visitNo: 1 candSize: 50;Resets: 2642 visitNo: 1 candSize: 50;
gridworld.pm(N=50,p=0.999);cautious1;0.0;0.0;72;Resets: 0 visitNo: 1 candSize: 2499;Resets: 0 visitNo: 1 candSize: 2;Resets: 0 visitNo: 1 candSize: 2499;Resets: 0 visitNo: 1 candSize: 2499;Resets: 0 visitNo: 1 candSize: 2;Resets: 0 visitNo: 1 candSize: 2499;Resets: 0 visitNo: 1 candSize: 2499;Resets: 0 visitNo: 1 candSize: 2499;Resets: 0 visitNo: 1 candSize: 2499;Resets: 0 visitNo: 1 candSize: 2499;Resets: 0 visitNo: 1 candSize: 2;Resets: 0 visitNo: 1 candSize: 2499;Resets: 0 visitNo: 1 candSize: 2499;Resets: 0 visitNo: 1 candSize: 2499;Resets: 0 visitNo: 1 candSize: 2499;Resets: 0 visitNo: 1 candSize: 2;Resets: 0 visitNo: 1 candSize: 2;Resets: 0 visitNo: 1 candSize: 3;Resets: 0 visitNo: 1 candSize: 2499;init;Resets: 0 visitNo: 1 candSize: 2499;Resets: 0 visitNo: 1 candSize: 2;Resets: 0 visitNo: 1 candSize: 2;Resets: 0 visitNo: 1 candSize: 2;Resets: 1 visitNo: 1 candSize: 2499;Resets: 0 visitNo: 1 candSize: 2499;Resets: 0 visitNo: 1 candSize: 2499;Resets: 0 visitNo: 1 candSize: 2499;Resets: 0 visitNo: 1 candSize: 2499;Resets: 0 visitNo: 1 candSize: 2499;Resets: 0 visitNo: 1 candSize: 2;init;Resets: 0 visitNo: 1 candSize: 2499;Resets: 0 visitNo: 1 candSize: 2499;Resets: 0 visitNo: 1 candSize: 2;Resets: 1 visitNo: 1 candSize: 2499;Resets: 0 visitNo: 1 candSize: 2;init;Resets: 0 visitNo: 1 candSize: 2499;Resets: 0 visitNo: 1 candSize: 2499;Resets: 0 visitNo: 1 candSize: 2499;Resets: 0 visitNo: 1 candSize: 2499;Resets: 0 visitNo: 1 candSize: 2499;Resets: 0 visitNo: 1 candSize: 2499;Resets: 1 visitNo: 1 candSize: 2499;Resets: 0 visitNo: 1 candSize: 2499;Resets: 0 visitNo: 1 candSize: 2499;Resets: 0 visitNo: 1 candSize: 2499;Resets: 0 visitNo: 1 candSize: 2499;Resets: 0 visitNo: 1 candSize: 2499;Resets: 0 visitNo: 1 candSize: 2499;Resets: 0 visitNo: 1 candSize: 2499;Resets: 0 visitNo: 1 candSize: 2499;Resets: 0 visitNo: 1 candSize: 2;Resets: 0 visitNo: 1 candSize: 2499;Resets: 0 visitNo: 1 candSize: 2499;Resets: 0 visitNo: 1 candSize: 2499;Resets: 0 visitNo: 1 candSize: 2499;Resets: 1 visitNo: 1 candSize: 2499;Resets: 0 visitNo: 1 candSize: 3;init;Resets: 0 visitNo: 1 candSize: 2499;Resets: 1 visitNo: 1 candSize: 2499;Resets: 0 visitNo: 1 candSize: 2499;Resets: 0 visitNo: 1 candSize: 2;Resets: 0 visitNo: 1 candSize: 2499;Resets: 1 visitNo: 1 candSize: 2499;Resets: 0 visitNo: 1 candSize: 2499;Resets: 0 visitNo: 1 candSize: 2;Resets: 0 visitNo: 1 candSize: 2499;Resets: 0 visitNo: 1 candSize: 2;Resets: 0 visitNo: 1 candSize: 2499;Resets: 0 visitNo: 1 candSize: 2499;Resets: 0 visitNo: 1 candSize: 2499;Resets: 0 visitNo: 1 candSize: 2499;Resets: 0 visitNo: 1 candSize: 2499;Resets: 0 visitNo: 1 candSize: 2499;Resets: 0 visitNo: 1 candSize: 2499;Resets: 0 visitNo: 1 candSize: 2499;Resets: 1 visitNo: 1 candSize: 2499;Resets: 0 visitNo: 1 candSize: 2499;Resets: 0 visitNo: 1 candSize: 2499;Resets: 1 visitNo: 1 candSize: 2499;Resets: 0 visitNo: 1 candSize: 2;Resets: 0 visitNo: 1 candSize: 3;Resets: 0 visitNo: 1 candSize: 2499;Resets: 0 visitNo: 1 candSize: 2499;Resets: 0 visitNo: 1 candSize: 2499;Resets: 0 visitNo: 1 candSize: 4;Resets: 0 visitNo: 1 candSize: 2499;init;Resets: 0 visitNo: 1 candSize: 2499;Resets: 0 visitNo: 1 candSize: 2499;Resets: 0 visitNo: 1 candSize: 2499;Resets: 0 visitNo: 1 candSize: 2;Resets: 0 visitNo: 1 candSize: 2499;Resets: 0 visitNo: 1 candSize: 2499;Resets: 0 visitNo: 1 candSize: 2499;init;Resets: 0 visitNo: 1 candSize: 4;
not_gridworld.pm(N=50,p=0.999);cautious1;0.0;0.0;98;Resets: 15325 visitNo: 1 candSize: 7;Resets: 15201 visitNo: 1 candSize: 2;Resets: 14636 visitNo: 1 candSize: 2;Resets: 15057 visitNo: 1 candSize: 92;Resets: 14900 visitNo: 1 candSize: 85;Resets: 14196 visitNo: 1 candSize: 3;Resets: 14961 visitNo: 1 candSize: 7Command terminated by signal 9;Resets: 14962 visitNo: 1 candSize: 31;Resets: 14814 visitNo: 1 candSize: 2;Resets: 14833 visitNo: 1 candSize: 2;Resets: 14886 visitNo: 1 candSize: 39;Resets: 14890 visitNo: 1 candSize: 43Command terminated by signal 9;Resets: 14712 visitNo: 1 candSize: 2;Resets: 15305 visitNo: 1 candSize: 148;Resets: 15100 visitNo: 1 candSize: 173;Resets: 15146 visitNo: 1 candSize: 36;Resets: 14985 visitNo: 1 candSize: 69;Resets: 14948 visitNo: 1 candSize: 3;Resets: 14894 visitNo: 1 candSize: 2;Resets: 14787 visitNo: 1 candSize: 2;Resets: 15208 visitNo: 1 candSize: 33;Resets: 15389 visitNo: 1 candSize: 2;Resets: 14568 visitNo: 1 candSize: 5;Resets: 15214 visitNo: 1 candSize: 2Command terminated by signal 9;Resets: 14995 visitNo: 1 candSize: 32;Resets: 7993 visitNo: 1 candSize: 2;Resets: 0 visitNo: 1 candSize: 4;Resets: 14392 visitNo: 1 candSize: 27;Resets: 14343 visitNo: 1 candSize: 14;Resets: 15306 visitNo: 1 candSize: 72;Resets: 14559 visitNo: 1 candSize: 2;Resets: 15276 visitNo: 1 candSize: 2;Resets: 14449 visitNo: 1 candSize: 2;Resets: 15382 visitNo: 1 candSize: 14;Resets: 14516 visitNo: 1 candSize: 2;Resets: 15654 visitNo: 1 candSize: 2;Resets: 14839 visitNo: 1 candSize: 15;Resets: 14629 visitNo: 1 candSize: 7;Resets: 15487 visitNo: 1 candSize: 76;Resets: 14255 visitNo: 1 candSize: 234;Resets: 14830 visitNo: 1 candSize: 2;Resets: 15441 visitNo: 1 candSize: 35;Resets: 15206 visitNo: 1 candSize: 14;Resets: 14926 visitNo: 1 candSize: 2;Resets: 8295 visitNo: 1 candSize: 2;Resets: 14670 visitNo: 1 candSize: 2;Resets: 15225 visitNo: 1 candSize: 117;Resets: 14199 visitNo: 1 candSize: 2;Resets: 14950 visitNo: 1 candSize: 6;Resets: 14987 visitNo: 1 candSize: 2;Resets: 15250 visitNo: 1 candSize: 5Command terminated by signal 9;Resets: 14533 visitNo: 1 candSize: 140;Resets: 14649 visitNo: 1 candSize: 67Command terminated by signal 9;Resets: 15211 visitNo: 1 candSize: 2;Resets: 15298 visitNo: 1 candSize: 2;Resets: 14758 visitNo: 1 candSize: 23;Resets: 14734 visitNo: 1 candSize: 2;Resets: 15120 visitNo: 1 candSize: 31;Resets: 15033 visitNo: 1 candSize: 2;Resets: 14718 visitNo: 1 candSize: 21;Resets: 14707 visitNo: 1 candSize: 2;Resets: 15545 visitNo: 1 candSize: 10;Resets: 7694 visitNo: 1 candSize: 89;Resets: 14973 visitNo: 1 candSize: 2;Resets: 15550 visitNo: 1 candSize: 26;Resets: 14417 visitNo: 1 candSize: 13;Resets: 14848 visitNo: 1 candSize: 2;Resets: 15252 visitNo: 1 candSize: 19;Resets: 15139 visitNo: 1 candSize: 2;Resets: 14676 visitNo: 1 candSize: 28;Resets: 15465 visitNo: 1 candSize: 16;Resets: 14716 visitNo: 1 candSize: 4;Resets: 14715 visitNo: 1 candSize: 17;Resets: 14740 visitNo: 1 candSize: 4;Resets: 14412 visitNo: 1 candSize: 48;Resets: 15290 visitNo: 1 candSize: 9;Resets: 14398 visitNo: 1 candSize: 2;Resets: 14574 visitNo: 1 candSize: 4;Resets: 8258 visitNo: 1 candSize: 47;Resets: 14982 visitNo: 1 candSize: 2;Resets: 14610 visitNo: 1 candSize: 2;Resets: 15108 visitNo: 1 candSize: 3;Resets: 15316 visitNo: 1 candSize: 8;Resets: 15026 visitNo: 1 candSize: 18;Resets: 14570 visitNo: 1 candSize: 22;Resets: 14832 visitNo: 1 candSize: 45;Resets: 15193 visitNo: 1 candSize: 2;Resets: 14694 visitNo: 1 candSize: 2;Resets: 15355 visitNo: 1 candSize: 210;Resets: 14898 visitNo: 1 candSize: 45;Resets: 14467 visitNo: 1 candSize: 65;Resets: 0 visitNo: 1 candSize: 2;Resets: 8375 visitNo: 1 candSize: 11;Resets: 15065 visitNo: 1 candSize: 2;Resets: 15261 visitNo: 1 candSize: 10;Resets: 14562 visitNo: 1 candSize: 2;Resets: 14891 visitNo: 1 candSize: 2;Resets: 15228 visitNo: 1 candSize: 2;Resets: 14808 visitNo: 1 candSize: 252;Resets: 14593 visitNo: 1 candSize: 9;
nand.pm(N=50,K=3);cautious10;4.89;6899.79;0;Resets: 21 visitNo: 10 candSize: 1;Resets: 6 visitNo: 10 candSize: 1;Resets: 6 visitNo: 10 candSize: 1;Resets: 15 visitNo: 10 candSize: 1;Resets: 14 visitNo: 10 candSize: 1;Resets: 13 visitNo: 10 candSize: 1;Resets: 9 visitNo: 10 candSize: 1;Resets: 7 visitNo: 10 candSize: 1;Resets: 3 visitNo: 10 candSize: 1;Resets: 10 visitNo: 10 candSize: 1;Resets: 6 visitNo: 10 candSize: 1;Resets: 2 visitNo: 10 candSize: 1;Resets: 7 visitNo: 10 candSize: 1;Resets: 1 visitNo: 10 candSize: 1;Resets: 12 visitNo: 10 candSize: 1;Resets: 2 visitNo: 10 candSize: 1;init;init;Resets: 1 visitNo: 10 candSize: 1;Resets: 4 visitNo: 10 candSize: 1;init;init;init;Resets: 1 visitNo: 10 candSize: 1;Resets: 6 visitNo: 10 candSize: 1;Resets: 8 visitNo: 10 candSize: 1;Resets: 1 visitNo: 10 candSize: 1;Resets: 7 visitNo: 10 candSize: 1;Resets: 4 visitNo: 10 candSize: 1;Resets: 12 visitNo: 10 candSize: 1;Resets: 1 visitNo: 10 candSize: 1;Resets: 5 visitNo: 10 candSize: 1;Resets: 1 visitNo: 10 candSize: 1;Resets: 6 visitNo: 10 candSize: 1;Resets: 11 visitNo: 10 candSize: 1;Resets: 5 visitNo: 10 candSize: 1;Resets: 10 visitNo: 10 candSize: 1;Resets: 11 visitNo: 10 candSize: 1;Resets: 7 visitNo: 10 candSize: 1;Resets: 5 visitNo: 10 candSize: 1;Resets: 8 visitNo: 10 candSize: 1;init;Resets: 2 visitNo: 10 candSize: 1;Resets: 1 visitNo: 10 candSize: 1;init;init;Resets: 2 visitNo: 10 candSize: 1;Resets: 3 visitNo: 10 candSize: 1;Resets: 6 visitNo: 10 candSize: 1;Resets: 2 visitNo: 10 candSize: 1;Resets: 5 visitNo: 10 candSize: 1;Resets: 2 visitNo: 10 candSize: 1;init;Resets: 2 visitNo: 10 candSize: 1;init;init;init;Resets: 3 visitNo: 10 candSize: 1;Resets: 10 visitNo: 10 candSize: 1;init;Resets: 14 visitNo: 10 candSize: 1;Resets: 5 visitNo: 10 candSize: 1;Resets: 2 visitNo: 10 candSize: 1;Resets: 5 visitNo: 10 candSize: 1;init;init;Resets: 1 visitNo: 10 candSize: 1;Resets: 2 visitNo: 10 candSize: 1;Resets: 1 visitNo: 10 candSize: 1;Resets: 7 visitNo: 10 candSize: 1;init;Resets: 10 visitNo: 10 candSize: 1;Resets: 5 visitNo: 10 candSize: 1;Resets: 1 visitNo: 10 candSize: 1;Resets: 3 visitNo: 10 candSize: 1;Resets: 7 visitNo: 10 candSize: 1;Resets: 17 visitNo: 10 candSize: 1;init;Resets: 4 visitNo: 10 candSize: 1;Resets: 1 visitNo: 10 candSize: 1;init;Resets: 14 visitNo: 10 candSize: 1;Resets: 12 visitNo: 10 candSize: 1;Resets: 1 visitNo: 10 candSize: 1;Resets: 19 visitNo: 10 candSize: 1;Resets: 13 visitNo: 10 candSize: 1;init;Resets: 1 visitNo: 10 candSize: 1;Resets: 7 visitNo: 10 candSize: 1;Resets: 2 visitNo: 10 candSize: 1;Resets: 4 visitNo: 10 candSize: 1;Resets: 13 visitNo: 10 candSize: 1;Resets: 4 visitNo: 10 candSize: 1;Resets: 6 visitNo: 10 candSize: 1;Resets: 3 visitNo: 10 candSize: 1;Resets: 7 visitNo: 10 candSize: 1;Resets: 2 visitNo: 10 candSize: 1;Resets: 1 visitNo: 10 candSize: 1;Resets: 5 visitNo: 10 candSize: 1;Resets: 4 visitNo: 10 candSize: 1;
crowds_nodl.pm(TotalRuns=6,CrowdSize=15);cautious1;0.98;80.75;0;Resets: 2 visitNo: 1 candSize: 1;Resets: 1 visitNo: 1 candSize: 1;Resets: 7 visitNo: 1 candSize: 1;Resets: 1 visitNo: 1 candSize: 1;Resets: 1 visitNo: 1 candSize: 1;Resets: 0 visitNo: 1 candSize: 1;Resets: 1 visitNo: 1 candSize: 1;Resets: 0 visitNo: 1 candSize: 1;Resets: 2 visitNo: 1 candSize: 1;Resets: 1 visitNo: 1 candSize: 1;Resets: 0 visitNo: 1 candSize: 1;Resets: 0 visitNo: 1 candSize: 1;Resets: 0 visitNo: 1 candSize: 1;Resets: 2 visitNo: 1 candSize: 1;Resets: 1 visitNo: 1 candSize: 1;Resets: 3 visitNo: 1 candSize: 1;Resets: 0 visitNo: 1 candSize: 1;Resets: 0 visitNo: 1 candSize: 1;Resets: 1 visitNo: 1 candSize: 1;Resets: 8 visitNo: 1 candSize: 1;Resets: 0 visitNo: 1 candSize: 1;Resets: 3 visitNo: 1 candSize: 1;Resets: 1 visitNo: 1 candSize: 1;Resets: 1 visitNo: 1 candSize: 1;Resets: 1 visitNo: 1 candSize: 1;Resets: 0 visitNo: 1 candSize: 1;Resets: 0 visitNo: 1 candSize: 1;Resets: 0 visitNo: 1 candSize: 1;Resets: 1 visitNo: 1 candSize: 1;Resets: 0 visitNo: 1 candSize: 1;Resets: 1 visitNo: 1 candSize: 1;Resets: 0 visitNo: 1 candSize: 1;Resets: 2 visitNo: 1 candSize: 1;Resets: 0 visitNo: 1 candSize: 1;Resets: 0 visitNo: 1 candSize: 1;Resets: 0 visitNo: 1 candSize: 1;Resets: 0 visitNo: 1 candSize: 1;Resets: 0 visitNo: 1 candSize: 1;Resets: 3 visitNo: 1 candSize: 1;Resets: 2 visitNo: 1 candSize: 1;Resets: 0 visitNo: 1 candSize: 1;Resets: 1 visitNo: 1 candSize: 1;Resets: 0 visitNo: 1 candSize: 1;Resets: 0 visitNo: 1 candSize: 1;Resets: 1 visitNo: 1 candSize: 1;Resets: 1 visitNo: 1 candSize: 1;Resets: 4 visitNo: 1 candSize: 1;Resets: 1 visitNo: 1 candSize: 1;Resets: 0 visitNo: 1 candSize: 1;Resets: 1 visitNo: 1 candSize: 1;Resets: 1 visitNo: 1 candSize: 1;Resets: 2 visitNo: 1 candSize: 1;Resets: 0 visitNo: 1 candSize: 1;Resets: 0 visitNo: 1 candSize: 1;Resets: 1 visitNo: 1 candSize: 1;Resets: 1 visitNo: 1 candSize: 1;init;Resets: 3 visitNo: 1 candSize: 1;init;Resets: 0 visitNo: 1 candSize: 1;Resets: 3 visitNo: 1 candSize: 1;Resets: 0 visitNo: 1 candSize: 1;Resets: 0 visitNo: 1 candSize: 1;init;Resets: 0 visitNo: 1 candSize: 1;Resets: 0 visitNo: 1 candSize: 1;Resets: 0 visitNo: 1 candSize: 1;Resets: 2 visitNo: 1 candSize: 1;Resets: 3 visitNo: 1 candSize: 1;Resets: 0 visitNo: 1 candSize: 1;Resets: 2 visitNo: 1 candSize: 1;Resets: 1 visitNo: 1 candSize: 1;Resets: 0 visitNo: 1 candSize: 1;Resets: 6 visitNo: 1 candSize: 1;init;Resets: 0 visitNo: 1 candSize: 1;Resets: 0 visitNo: 1 candSize: 1;Resets: 0 visitNo: 1 candSize: 1;Resets: 2 visitNo: 1 candSize: 1;Resets: 1 visitNo: 1 candSize: 1;init;Resets: 0 visitNo: 1 candSize: 1;Resets: 1 visitNo: 1 candSize: 1;Resets: 0 visitNo: 1 candSize: 1;Resets: 0 visitNo: 1 candSize: 1;Resets: 4 visitNo: 1 candSize: 1;Resets: 3 visitNo: 1 candSize: 1;Resets: 0 visitNo: 1 candSize: 1;Resets: 2 visitNo: 1 candSize: 1;Resets: 0 visitNo: 1 candSize: 1;Resets: 0 visitNo: 1 candSize: 1;Resets: 3 visitNo: 1 candSize: 1;Resets: 0 visitNo: 1 candSize: 1;Resets: 1 visitNo: 1 candSize: 1;Resets: 0 visitNo: 1 candSize: 1;Resets: 0 visitNo: 1 candSize: 1;Resets: 0 visitNo: 1 candSize: 1;Resets: 0 visitNo: 1 candSize: 1;Resets: 0 visitNo: 1 candSize: 1;Resets: 1 visitNo: 1 candSize: 1;
bluetooth_oneinit.pm(mrec=4);cautious10;4.78;2424.52;0;Resets: 9 visitNo: 10 candSize: 1;Resets: 1 visitNo: 10 candSize: 1;init;Resets: 1 visitNo: 10 candSize: 1;Resets: 3 visitNo: 10 candSize: 1;Resets: 3 visitNo: 10 candSize: 1;Resets: 8 visitNo: 10 candSize: 1;Resets: 3 visitNo: 10 candSize: 1;Resets: 3 visitNo: 10 candSize: 1;Resets: 3 visitNo: 10 candSize: 1;Resets: 1 visitNo: 10 candSize: 1;Resets: 6 visitNo: 10 candSize: 1;init;Resets: 2 visitNo: 10 candSize: 1;Resets: 4 visitNo: 10 candSize: 1;Resets: 8 visitNo: 10 candSize: 1;Resets: 17 visitNo: 10 candSize: 1;Resets: 7 visitNo: 10 candSize: 1;Resets: 12 visitNo: 10 candSize: 1;Resets: 2 visitNo: 10 candSize: 1;Resets: 10 visitNo: 10 candSize: 1;Resets: 43 visitNo: 10 candSize: 1;Resets: 2 visitNo: 10 candSize: 1;Resets: 1 visitNo: 10 candSize: 1;Resets: 8 visitNo: 10 candSize: 1;Resets: 2 visitNo: 10 candSize: 1;Resets: 7 visitNo: 10 candSize: 1;init;Resets: 2 visitNo: 10 candSize: 1;Resets: 2 visitNo: 10 candSize: 1;Resets: 4 visitNo: 10 candSize: 1;init;Resets: 8 visitNo: 10 candSize: 1;Resets: 5 visitNo: 10 candSize: 1;Resets: 1 visitNo: 10 candSize: 1;Resets: 4 visitNo: 10 candSize: 1;Resets: 1 visitNo: 10 candSize: 1;Resets: 8 visitNo: 10 candSize: 1;Resets: 18 visitNo: 10 candSize: 1;Resets: 2 visitNo: 10 candSize: 1;init;Resets: 6 visitNo: 10 candSize: 1;Resets: 6 visitNo: 10 candSize: 1;init;Resets: 1 visitNo: 10 candSize: 1;Resets: 22 visitNo: 10 candSize: 1;Resets: 11 visitNo: 10 candSize: 1;init;Resets: 6 visitNo: 10 candSize: 1;Resets: 3 visitNo: 10 candSize: 1;Resets: 1 visitNo: 10 candSize: 1;init;Resets: 1 visitNo: 10 candSize: 1;Resets: 3 visitNo: 10 candSize: 1;Resets: 1 visitNo: 10 candSize: 1;Resets: 6 visitNo: 10 candSize: 1;Resets: 1 visitNo: 10 candSize: 1;Resets: 6 visitNo: 10 candSize: 1;Resets: 1 visitNo: 10 candSize: 1;Resets: 1 visitNo: 10 candSize: 1;init;Resets: 2 visitNo: 10 candSize: 1;Resets: 14 visitNo: 10 candSize: 1;Resets: 2 visitNo: 10 candSize: 1;init;Resets: 7 visitNo: 10 candSize: 1;Resets: 2 visitNo: 10 candSize: 1;Resets: 15 visitNo: 10 candSize: 1;Resets: 7 visitNo: 10 candSize: 1;init;Resets: 3 visitNo: 10 candSize: 1;Resets: 2 visitNo: 10 candSize: 1;init;Resets: 13 visitNo: 10 candSize: 1;Resets: 18 visitNo: 10 candSize: 1;init;Resets: 2 visitNo: 10 candSize: 1;Resets: 2 visitNo: 10 candSize: 1;init;Resets: 5 visitNo: 10 candSize: 1;Resets: 4 visitNo: 10 candSize: 1;init;Resets: 2 visitNo: 10 candSize: 1;init;Resets: 1 visitNo: 10 candSize: 1;Resets: 1 visitNo: 10 candSize: 1;init;Resets: 4 visitNo: 10 candSize: 1;Resets: 1 visitNo: 10 candSize: 1;Resets: 31 visitNo: 10 candSize: 1;Resets: 4 visitNo: 10 candSize: 1;Resets: 8 visitNo: 10 candSize: 1;Resets: 4 visitNo: 10 candSize: 1;Resets: 5 visitNo: 10 candSize: 1;Resets: 2 visitNo: 10 candSize: 1;Resets: 4 visitNo: 10 candSize: 1;Resets: 4 visitNo: 10 candSize: 1;Resets: 4 visitNo: 10 candSize: 1;Resets: 5 visitNo: 10 candSize: 1;Resets: 3 visitNo: 10 candSize: 1;
herman17_oneinit.pm();cautious10;-1;-1;100;Resets: 1551 visitNo: 10 candSize: 34;Resets: 1577 visitNo: 10 candSize: 34;Resets: 1512 visitNo: 10 candSize: 34;Resets: 1504 visitNo: 10 candSize: 34;Resets: 1529 visitNo: 10 candSize: 34;Resets: 1577 visitNo: 10 candSize: 34;Resets: 1558 visitNo: 10 candSize: 34;Resets: 1524 visitNo: 10 candSize: 34;Resets: 1551 visitNo: 10 candSize: 34;Resets: 1503 visitNo: 10 candSize: 34;Resets: 1470 visitNo: 10 candSize: 34;Resets: 1476 visitNo: 10 candSize: 34;Resets: 1481 visitNo: 10 candSize: 10;Resets: 1493 visitNo: 10 candSize: 34;Resets: 1500 visitNo: 10 candSize: 34;Resets: 1481 visitNo: 10 candSize: 34;Resets: 1500 visitNo: 10 candSize: 34;Resets: 1466 visitNo: 10 candSize: 34;Resets: 1444 visitNo: 10 candSize: 34;Resets: 1429 visitNo: 10 candSize: 34;Resets: 1431 visitNo: 10 candSize: 34;Resets: 906 visitNo: 10 candSize: 34;Resets: 1448 visitNo: 10 candSize: 34;Resets: 1445 visitNo: 10 candSize: 34;Resets: 1473 visitNo: 10 candSize: 34;Resets: 1424 visitNo: 10 candSize: 34;Resets: 1423 visitNo: 10 candSize: 34;Resets: 1464 visitNo: 10 candSize: 34;Resets: 1448 visitNo: 10 candSize: 34;Resets: 1433 visitNo: 10 candSize: 34;Resets: 1438 visitNo: 10 candSize: 34;Resets: 1416 visitNo: 10 candSize: 34;Resets: 1419 visitNo: 10 candSize: 34;Resets: 1426 visitNo: 10 candSize: 34;Resets: 1401 visitNo: 10 candSize: 34;Resets: 1379 visitNo: 10 candSize: 34;Resets: 1431 visitNo: 10 candSize: 34;Resets: 1417 visitNo: 10 candSize: 34;Resets: 1401 visitNo: 10 candSize: 34;Resets: 876 visitNo: 10 candSize: 34;Resets: 1399 visitNo: 10 candSize: 33;Resets: 1415 visitNo: 10 candSize: 34;Resets: 1406 visitNo: 10 candSize: 34;Resets: 1425 visitNo: 10 candSize: 34;Resets: 1486 visitNo: 10 candSize: 34;Resets: 1426 visitNo: 10 candSize: 34;Resets: 1426 visitNo: 10 candSize: 34;Resets: 1426 visitNo: 10 candSize: 34;Resets: 1423 visitNo: 10 candSize: 34;Resets: 1404 visitNo: 10 candSize: 34;Resets: 1462 visitNo: 10 candSize: 34;Resets: 1465 visitNo: 10 candSize: 34;Resets: 1451 visitNo: 10 candSize: 34;Resets: 1400 visitNo: 10 candSize: 34;Resets: 1510 visitNo: 10 candSize: 34;Resets: 1469 visitNo: 10 candSize: 34;Resets: 1423 visitNo: 10 candSize: 34;Resets: 867 visitNo: 10 candSize: 34;Resets: 1395 visitNo: 10 candSize: 34;Resets: 1388 visitNo: 10 candSize: 34;Resets: 1491 visitNo: 10 candSize: 34;Resets: 1450 visitNo: 10 candSize: 34;Resets: 1457 visitNo: 10 candSize: 34;Resets: 1407 visitNo: 10 candSize: 34;Resets: 1409 visitNo: 10 candSize: 34;Resets: 1500 visitNo: 10 candSize: 34;Resets: 1504 visitNo: 10 candSize: 34;Resets: 1383 visitNo: 10 candSize: 34;Resets: 1450 visitNo: 10 candSize: 34;Resets: 1388 visitNo: 10 candSize: 34;Resets: 1486 visitNo: 10 candSize: 34;Resets: 1473 visitNo: 10 candSize: 34;Resets: 1425 visitNo: 10 candSize: 34;Resets: 902 visitNo: 10 candSize: 34;Resets: 1464 visitNo: 10 candSize: 34;Resets: 1427 visitNo: 10 candSize: 34;Resets: 1472 visitNo: 10 candSize: 34;Resets: 1441 visitNo: 10 candSize: 34;Resets: 1490 visitNo: 10 candSize: 34;Resets: 1458 visitNo: 10 candSize: 34;Resets: 1512 visitNo: 10 candSize: 34;Resets: 1480 visitNo: 10 candSize: 34;Resets: 1369 visitNo: 10 candSize: 34;Resets: 1470 visitNo: 10 candSize: 34;Resets: 1459 visitNo: 10 candSize: 34;Resets: 1545 visitNo: 10 candSize: 34;Resets: 1460 visitNo: 10 candSize: 34;Resets: 898 visitNo: 10 candSize: 34;Resets: 1439 visitNo: 10 candSize: 34;Resets: 1458 visitNo: 10 candSize: 34;Resets: 1443 visitNo: 10 candSize: 34;Resets: 1461 visitNo: 10 candSize: 34;Resets: 1554 visitNo: 10 candSize: 34;Resets: 1455 visitNo: 10 candSize: 34;Resets: 1596 visitNo: 10 candSize: 34;Resets: 1467 visitNo: 10 candSize: 34;Resets: 932 visitNo: 10 candSize: 34;Resets: 1473 visitNo: 10 candSize: 34;Resets: 1507 visitNo: 10 candSize: 34;Resets: 1525 visitNo: 10 candSize: 34;
scale.pm(N=10,M=50);cautious10;0.97;3669.76;0;Resets: 0 visitNo: 10 candSize: 50;Resets: 0 visitNo: 10 candSize: 50;Resets: 7 visitNo: 10 candSize: 50;Resets: 0 visitNo: 10 candSize: 50;Resets: 0 visitNo: 10 candSize: 50;Resets: 0 visitNo: 10 candSize: 50;Resets: 1 visitNo: 10 candSize: 50;Resets: 1 visitNo: 10 candSize: 50;Resets: 1 visitNo: 10 candSize: 50;Resets: 0 visitNo: 10 candSize: 50;Resets: 0 visitNo: 10 candSize: 50;Resets: 0 visitNo: 10 candSize: 50;Resets: 4 visitNo: 10 candSize: 50;Resets: 0 visitNo: 10 candSize: 50;Resets: 1 visitNo: 10 candSize: 50;Resets: 0 visitNo: 10 candSize: 50;Resets: 0 visitNo: 10 candSize: 50;Resets: 1 visitNo: 10 candSize: 50;Resets: 3 visitNo: 10 candSize: 50;Resets: 1 visitNo: 10 candSize: 50;Resets: 3 visitNo: 10 candSize: 50;Resets: 1 visitNo: 10 candSize: 50;Resets: 0 visitNo: 10 candSize: 50;Resets: 2 visitNo: 10 candSize: 50;Resets: 0 visitNo: 10 candSize: 50;Resets: 0 visitNo: 10 candSize: 50;Resets: 3 visitNo: 10 candSize: 50;Resets: 0 visitNo: 10 candSize: 50;Resets: 0 visitNo: 10 candSize: 50;Resets: 0 visitNo: 10 candSize: 50;Resets: 0 visitNo: 10 candSize: 50;Resets: 10 visitNo: 10 candSize: 50;Resets: 0 visitNo: 10 candSize: 50;Resets: 0 visitNo: 10 candSize: 50;Resets: 0 visitNo: 10 candSize: 50;Resets: 0 visitNo: 10 candSize: 50;Resets: 0 visitNo: 10 candSize: 50;Resets: 0 visitNo: 10 candSize: 50;Resets: 0 visitNo: 10 candSize: 50;Resets: 0 visitNo: 10 candSize: 50;Resets: 1 visitNo: 10 candSize: 50;Resets: 0 visitNo: 10 candSize: 50;Resets: 1 visitNo: 10 candSize: 50;Resets: 3 visitNo: 10 candSize: 50;Resets: 0 visitNo: 10 candSize: 50;Resets: 0 visitNo: 10 candSize: 50;Resets: 1 visitNo: 10 candSize: 50;Resets: 1 visitNo: 10 candSize: 50;Resets: 2 visitNo: 10 candSize: 50;Resets: 0 visitNo: 10 candSize: 50;Resets: 0 visitNo: 10 candSize: 50;Resets: 3 visitNo: 10 candSize: 50;Resets: 2 visitNo: 10 candSize: 50;Resets: 0 visitNo: 10 candSize: 50;Resets: 0 visitNo: 10 candSize: 50;Resets: 0 visitNo: 10 candSize: 50;Resets: 0 visitNo: 10 candSize: 50;Resets: 0 visitNo: 10 candSize: 50;Resets: 3 visitNo: 10 candSize: 50;Resets: 0 visitNo: 10 candSize: 50;Resets: 1 visitNo: 10 candSize: 50;Resets: 2 visitNo: 10 candSize: 50;Resets: 0 visitNo: 10 candSize: 50;Resets: 3 visitNo: 10 candSize: 50;Resets: 1 visitNo: 10 candSize: 50;Resets: 0 visitNo: 10 candSize: 50;Resets: 1 visitNo: 10 candSize: 50;Resets: 0 visitNo: 10 candSize: 50;Resets: 0 visitNo: 10 candSize: 50;Resets: 0 visitNo: 10 candSize: 50;Resets: 0 visitNo: 10 candSize: 50;Resets: 0 visitNo: 10 candSize: 50;Resets: 3 visitNo: 10 candSize: 50;Resets: 1 visitNo: 10 candSize: 50;Resets: 3 visitNo: 10 candSize: 50;Resets: 0 visitNo: 10 candSize: 50;Resets: 1 visitNo: 10 candSize: 50;Resets: 0 visitNo: 10 candSize: 50;Resets: 4 visitNo: 10 candSize: 50;Resets: 2 visitNo: 10 candSize: 50;Resets: 0 visitNo: 10 candSize: 50;Resets: 0 visitNo: 10 candSize: 50;Resets: 2 visitNo: 10 candSize: 50;Resets: 2 visitNo: 10 candSize: 50;Resets: 1 visitNo: 10 candSize: 50;Resets: 0 visitNo: 10 candSize: 50;Resets: 1 visitNo: 10 candSize: 50;Resets: 1 visitNo: 10 candSize: 50;Resets: 0 visitNo: 10 candSize: 50;Resets: 2 visitNo: 10 candSize: 50;Resets: 0 visitNo: 10 candSize: 50;Resets: 0 visitNo: 10 candSize: 50;Resets: 0 visitNo: 10 candSize: 50;Resets: 5 visitNo: 10 candSize: 50;Resets: 0 visitNo: 10 candSize: 50;Resets: 0 visitNo: 10 candSize: 50;Resets: 2 visitNo: 10 candSize: 50;Resets: 1 visitNo: 10 candSize: 50;Resets: 2 visitNo: 10 candSize: 50;Resets: 0 visitNo: 10 candSize: 50;
gridworld.pm(N=50,p=0.999);cautious10;-1;-1;100;Resets: 0 visitNo: 10 candSize: 2499;Resets: 0 visitNo: 10 candSize: 2499;Resets: 0 visitNo: 10 candSize: 2499;Resets: 0 visitNo: 10 candSize: 2499;Resets: 1 visitNo: 10 candSize: 2499;Resets: 0 visitNo: 10 candSize: 2499;Resets: 0 visitNo: 10 candSize: 2499;Resets: 0 visitNo: 10 candSize: 2499;Resets: 0 visitNo: 10 candSize: 2499;Resets: 0 visitNo: 10 candSize: 2499;Resets: 0 visitNo: 10 candSize: 2499;Resets: 0 visitNo: 10 candSize: 2499;Resets: 1 visitNo: 10 candSize: 2499;Resets: 0 visitNo: 10 candSize: 2499;Resets: 0 visitNo: 10 candSize: 2499;Resets: 0 visitNo: 10 candSize: 2499;Resets: 0 visitNo: 10 candSize: 2499;Resets: 0 visitNo: 10 candSize: 2499;Resets: 0 visitNo: 10 candSize: 2499;Resets: 1 visitNo: 10 candSize: 2499;Resets: 0 visitNo: 10 candSize: 2499;Resets: 0 visitNo: 10 candSize: 2499;Resets: 0 visitNo: 10 candSize: 2499;Resets: 0 visitNo: 10 candSize: 2499;Resets: 0 visitNo: 10 candSize: 2499;Resets: 0 visitNo: 10 candSize: 2499;Resets: 0 visitNo: 10 candSize: 2499;Resets: 0 visitNo: 10 candSize: 2499;Resets: 0 visitNo: 10 candSize: 2499;Resets: 0 visitNo: 10 candSize: 2499;Resets: 0 visitNo: 10 candSize: 2499;Resets: 0 visitNo: 10 candSize: 2499;Resets: 0 visitNo: 10 candSize: 2499;Resets: 0 visitNo: 10 candSize: 2499;Resets: 0 visitNo: 10 candSize: 2499;Resets: 0 visitNo: 10 candSize: 2499;Resets: 0 visitNo: 10 candSize: 2499;Resets: 1 visitNo: 10 candSize: 2499;Resets: 0 visitNo: 10 candSize: 2499;Resets: 0 visitNo: 10 candSize: 2499;Resets: 1 visitNo: 10 candSize: 2499;Resets: 0 visitNo: 10 candSize: 2499;Resets: 0 visitNo: 10 candSize: 2499;Resets: 0 visitNo: 10 candSize: 2499;Resets: 0 visitNo: 10 candSize: 2499;Resets: 0 visitNo: 10 candSize: 2499;Resets: 0 visitNo: 10 candSize: 2499;Resets: 0 visitNo: 10 candSize: 2499;Resets: 0 visitNo: 10 candSize: 2499;Resets: 0 visitNo: 10 candSize: 2499;Resets: 0 visitNo: 10 candSize: 2499;Resets: 0 visitNo: 10 candSize: 2499;Resets: 0 visitNo: 10 candSize: 2499;Resets: 0 visitNo: 10 candSize: 2499;Resets: 0 visitNo: 10 candSize: 2499;Resets: 0 visitNo: 10 candSize: 2499;Resets: 0 visitNo: 10 candSize: 2499;Resets: 0 visitNo: 10 candSize: 2499;Resets: 0 visitNo: 10 candSize: 2499;Resets: 0 visitNo: 10 candSize: 2499;Resets: 0 visitNo: 10 candSize: 2499;Resets: 0 visitNo: 10 candSize: 2499;Resets: 1 visitNo: 10 candSize: 2499;Resets: 0 visitNo: 10 candSize: 2499;Resets: 1 visitNo: 10 candSize: 2499;Resets: 0 visitNo: 10 candSize: 2499;Resets: 0 visitNo: 10 candSize: 2499;Resets: 0 visitNo: 10 candSize: 2499;Resets: 0 visitNo: 10 candSize: 2499;Resets: 0 visitNo: 10 candSize: 2499;Resets: 0 visitNo: 10 candSize: 2499;Resets: 0 visitNo: 10 candSize: 2499;Resets: 0 visitNo: 10 candSize: 2499;Resets: 0 visitNo: 10 candSize: 2499;Resets: 0 visitNo: 10 candSize: 2499;Resets: 1 visitNo: 10 candSize: 2499;Resets: 0 visitNo: 10 candSize: 2499;Resets: 0 visitNo: 10 candSize: 2499;Resets: 0 visitNo: 10 candSize: 2499;Resets: 0 visitNo: 10 candSize: 2499;Resets: 0 visitNo: 10 candSize: 2499;Resets: 0 visitNo: 10 candSize: 2499;Resets: 0 visitNo: 10 candSize: 2499;Resets: 0 visitNo: 10 candSize: 2499;Resets: 0 visitNo: 10 candSize: 2499;Resets: 0 visitNo: 10 candSize: 2499;Resets: 0 visitNo: 10 candSize: 2499;Resets: 0 visitNo: 10 candSize: 2499;Resets: 0 visitNo: 10 candSize: 2499;Resets: 0 visitNo: 10 candSize: 2499;Resets: 0 visitNo: 10 candSize: 2499;Resets: 0 visitNo: 10 candSize: 2499;Resets: 0 visitNo: 10 candSize: 2499;Resets: 0 visitNo: 10 candSize: 2499;Resets: 0 visitNo: 10 candSize: 2499;Resets: 0 visitNo: 10 candSize: 2499;Resets: 1 visitNo: 10 candSize: 2499;Resets: 0 visitNo: 10 candSize: 2499;Resets: 0 visitNo: 10 candSize: 2499;Resets: 0 visitNo: 10 candSize: 2499;
not_gridworld.pm(N=50,p=0.999);cautious10;-1;-1;100;Resets: 0 visitNo: 10 candSize: 2549;Resets: 6 visitNo: 10 candSize: 2193Command terminated by signal 9;Resets: 3 visitNo: 10 candSize: 2499;Resets: 4 visitNo: 10 candSize: 2529;Resets: 3 visitNo: 10 candSize: 2499;Resets: 5 visitNo: 10 candSize: 2499;Resets: 5 visitNo: 10 candSize: 2499;Resets: 5 visitNo: 10 candSize: 2549;Resets: 1 visitNo: 10 candSize: 2549;Resets: 2 visitNo: 10 candSize: 2549;Resets: 1 visitNo: 10 candSize: 2549;Resets: 4 visitNo: 10 candSize: 2;Resets: 3 visitNo: 10 candSize: 2499;Resets: 5 visitNo: 10 candSize: 2549;Resets: 0 visitNo: 10 candSize: 2549;Resets: 4 visitNo: 10 candSize: 2499;Resets: 3 visitNo: 10 candSize: 2499;Resets: 5 visitNo: 10 candSize: 2490;Resets: 2 visitNo: 10 candSize: 2549;Resets: 3 visitNo: 10 candSize: 2499;Resets: 4 visitNo: 10 candSize: 2499;Resets: 3 visitNo: 10 candSize: 2549;Resets: 0 visitNo: 10 candSize: 2549;Resets: 1 visitNo: 10 candSize: 2549;Resets: 2 visitNo: 10 candSize: 2499;Resets: 2 visitNo: 10 candSize: 2499;Resets: 0 visitNo: 10 candSize: 2499;Resets: 3 visitNo: 10 candSize: 2499;Resets: 0 visitNo: 10 candSize: 2549;Resets: 4 visitNo: 10 candSize: 2549;Resets: 5 visitNo: 10 candSize: 2499;Resets: 7 visitNo: 10 candSize: 2499;Resets: 0 visitNo: 10 candSize: 2499;Resets: 2 visitNo: 10 candSize: 2549;Resets: 3 visitNo: 10 candSize: 2499;Resets: 2 visitNo: 10 candSize: 2549;Resets: 3 visitNo: 10 candSize: 2499;Resets: 1 visitNo: 10 candSize: 2549;Resets: 1 visitNo: 10 candSize: 2499;Resets: 1 visitNo: 10 candSize: 2549;Resets: 7 visitNo: 10 candSize: 2499;Resets: 3 visitNo: 10 candSize: 2499;Resets: 6 visitNo: 10 candSize: 2499;Resets: 5 visitNo: 10 candSize: 2499;Resets: 2 visitNo: 10 candSize: 2549;Resets: 2 visitNo: 10 candSize: 2256;Resets: 0 visitNo: 10 candSize: 2549;Resets: 3 visitNo: 10 candSize: 2380;Resets: 1 visitNo: 10 candSize: 2549;Resets: 0 visitNo: 10 candSize: 2549;Resets: 3 visitNo: 10 candSize: 2245;Resets: 1 visitNo: 10 candSize: 2549;Resets: 3 visitNo: 10 candSize: 2499;Resets: 5 visitNo: 10 candSize: 2498;Resets: 0 visitNo: 10 candSize: 2549;Resets: 5 visitNo: 10 candSize: 2499;Resets: 4 visitNo: 10 candSize: 2549;Resets: 2 visitNo: 10 candSize: 2549;Resets: 4 visitNo: 10 candSize: 2549;Resets: 3 visitNo: 10 candSize: 2499;Resets: 4 visitNo: 10 candSize: 2499;Resets: 3 visitNo: 10 candSize: 2499;Resets: 2 visitNo: 10 candSize: 2549;Resets: 3 visitNo: 10 candSize: 2499;Resets: 2 visitNo: 10 candSize: 2549;Resets: 5 visitNo: 10 candSize: 2499;Resets: 0 visitNo: 10 candSize: 2549;Resets: 0 visitNo: 10 candSize: 2549;Resets: 5 visitNo: 10 candSize: 2499;Resets: 4 visitNo: 10 candSize: 2499;Resets: 3 visitNo: 10 candSize: 2288;Resets: 3 visitNo: 10 candSize: 2499;Resets: 6 visitNo: 10 candSize: 2499;Resets: 2 visitNo: 10 candSize: 2549;Resets: 3 visitNo: 10 candSize: 2499;Resets: 3 visitNo: 10 candSize: 2549;Resets: 0 visitNo: 10 candSize: 2549;Resets: 3 visitNo: 10 candSize: 2499;Resets: 6 visitNo: 10 candSize: 2499;Resets: 5 visitNo: 10 candSize: 2549;Resets: 2 visitNo: 10 candSize: 2499;Resets: 3 visitNo: 10 candSize: 2499;Resets: 0 visitNo: 10 candSize: 2549;Resets: 9 visitNo: 10 candSize: 2499;Resets: 6 visitNo: 10 candSize: 2499;Resets: 3 visitNo: 10 candSize: 2549;Resets: 4 visitNo: 10 candSize: 2499;Resets: 8 visitNo: 10 candSize: 2499;Resets: 0 visitNo: 10 candSize: 2549;Resets: 3 visitNo: 10 candSize: 2549;Resets: 2 visitNo: 10 candSize: 2499;Resets: 6 visitNo: 10 candSize: 2549;Resets: 0 visitNo: 10 candSize: 2549;Resets: 6 visitNo: 10 candSize: 2475;Resets: 3 visitNo: 10 candSize: 2499;Resets: 3 visitNo: 10 candSize: 2499;Resets: 1 visitNo: 10 candSize: 2549;Resets: 4 visitNo: 10 candSize: 2549;Resets: 2 visitNo: 10 candSize: 2499;Resets: 4 visitNo: 10 candSize: 2499;
bluetooth_oneinit.pm(mrec=4);bold01;3.65;4636.57;0;Resets: 8 visitNo: 1314 candSize: 1;Resets: 4 visitNo: 804 candSize: 1;Resets: 1 visitNo: 422 candSize: 1;Resets: 7 visitNo: 1187 candSize: 1;Resets: 2 visitNo: 549 candSize: 1;Resets: 1 visitNo: 422 candSize: 1;Resets: 1 visitNo: 422 candSize: 1;Resets: 1 visitNo: 422 candSize: 1;Resets: 5 visitNo: 932 candSize: 1;Resets: 3 visitNo: 677 candSize: 1;Resets: 4 visitNo: 804 candSize: 1;Resets: 5 visitNo: 932 candSize: 1;Resets: 3 visitNo: 677 candSize: 1;init;Resets: 6 visitNo: 1059 candSize: 1;init;Resets: 2 visitNo: 549 candSize: 1;Resets: 7 visitNo: 1187 candSize: 1;Resets: 6 visitNo: 1059 candSize: 1;init;init;Resets: 2 visitNo: 549 candSize: 1;Resets: 1 visitNo: 422 candSize: 1;Resets: 1 visitNo: 422 candSize: 1;Resets: 3 visitNo: 677 candSize: 1;Resets: 1 visitNo: 422 candSize: 1;Resets: 6 visitNo: 1059 candSize: 1;Resets: 5 visitNo: 932 candSize: 1;Resets: 8 visitNo: 1314 candSize: 1;init;Resets: 1 visitNo: 422 candSize: 1;Resets: 4 visitNo: 804 candSize: 1;init;Resets: 1 visitNo: 422 candSize: 1;Resets: 5 visitNo: 932 candSize: 1;Resets: 3 visitNo: 677 candSize: 1;Resets: 8 visitNo: 1314 candSize: 1;init;init;Resets: 2 visitNo: 549 candSize: 1;Resets: 3 visitNo: 677 candSize: 1;Resets: 17 visitNo: 2462 candSize: 1;Resets: 1 visitNo: 422 candSize: 1;Resets: 4 visitNo: 804 candSize: 1;Resets: 7 visitNo: 1187 candSize: 1;init;init;Resets: 1 visitNo: 422 candSize: 1;Resets: 3 visitNo: 677 candSize: 1;Resets: 2 visitNo: 549 candSize: 1;Resets: 3 visitNo: 677 candSize: 1;Resets: 3 visitNo: 677 candSize: 1;Resets: 1 visitNo: 422 candSize: 1;Resets: 11 visitNo: 1697 candSize: 1;Resets: 3 visitNo: 677 candSize: 1;Resets: 7 visitNo: 1187 candSize: 1;init;Resets: 1 visitNo: 422 candSize: 1;init;Resets: 4 visitNo: 804 candSize: 1;Resets: 17 visitNo: 2462 candSize: 1;Resets: 2 visitNo: 549 candSize: 1;init;Resets: 2 visitNo: 549 candSize: 1;Resets: 2 visitNo: 549 candSize: 1;Resets: 4 visitNo: 804 candSize: 1;Resets: 9 visitNo: 1442 candSize: 1;init;Resets: 3 visitNo: 677 candSize: 1;Resets: 2 visitNo: 549 candSize: 1;Resets: 10 visitNo: 1570 candSize: 1;Resets: 3 visitNo: 677 candSize: 1;Resets: 8 visitNo: 1314 candSize: 1;Resets: 1 visitNo: 422 candSize: 1;Resets: 1 visitNo: 422 candSize: 1;Resets: 4 visitNo: 804 candSize: 1;init;init;Resets: 22 visitNo: 3100 candSize: 1;Resets: 6 visitNo: 1059 candSize: 1;Resets: 3 visitNo: 677 candSize: 1;Resets: 2 visitNo: 549 candSize: 1;Resets: 3 visitNo: 677 candSize: 1;Resets: 5 visitNo: 932 candSize: 1;Resets: 8 visitNo: 1314 candSize: 1;init;init;Resets: 1 visitNo: 422 candSize: 1;Resets: 6 visitNo: 1059 candSize: 1;Resets: 1 visitNo: 422 candSize: 1;Resets: 3 visitNo: 677 candSize: 1;Resets: 7 visitNo: 1187 candSize: 1;Resets: 4 visitNo: 804 candSize: 1;Resets: 1 visitNo: 422 candSize: 1;Resets: 4 visitNo: 804 candSize: 1;init;Resets: 21 visitNo: 2973 candSize: 1;Resets: 8 visitNo: 1314 candSize: 1;Resets: 1 visitNo: 422 candSize: 1;Resets: 3 visitNo: 677 candSize: 1;
crowds_nodl.pm(TotalRuns=6,CrowdSize=15);cautious10;1.34;130.11;0;Resets: 1 visitNo: 10 candSize: 1;Resets: 1 visitNo: 10 candSize: 1;Resets: 0 visitNo: 10 candSize: 1;Resets: 2 visitNo: 10 candSize: 1;Resets: 3 visitNo: 10 candSize: 1;Resets: 3 visitNo: 10 candSize: 1;Resets: 4 visitNo: 10 candSize: 1;Resets: 1 visitNo: 10 candSize: 1;Resets: 0 visitNo: 10 candSize: 1;Resets: 1 visitNo: 10 candSize: 1;Resets: 1 visitNo: 10 candSize: 1;Resets: 0 visitNo: 10 candSize: 1;Resets: 3 visitNo: 10 candSize: 1;Resets: 3 visitNo: 10 candSize: 1;Resets: 0 visitNo: 10 candSize: 1;Resets: 1 visitNo: 10 candSize: 1;Resets: 0 visitNo: 10 candSize: 1;Resets: 1 visitNo: 10 candSize: 1;Resets: 0 visitNo: 10 candSize: 1;Resets: 0 visitNo: 10 candSize: 1;Resets: 7 visitNo: 10 candSize: 1;Resets: 1 visitNo: 10 candSize: 1;Resets: 1 visitNo: 10 candSize: 1;Resets: 0 visitNo: 10 candSize: 1;Resets: 0 visitNo: 10 candSize: 1;Resets: 0 visitNo: 10 candSize: 1;Resets: 0 visitNo: 10 candSize: 1;Resets: 5 visitNo: 10 candSize: 1;Resets: 2 visitNo: 10 candSize: 1;Resets: 2 visitNo: 10 candSize: 1;Resets: 1 visitNo: 10 candSize: 1;Resets: 4 visitNo: 10 candSize: 1;Resets: 3 visitNo: 10 candSize: 1;Resets: 4 visitNo: 10 candSize: 1;Resets: 3 visitNo: 10 candSize: 1;Resets: 1 visitNo: 10 candSize: 1;Resets: 1 visitNo: 10 candSize: 1;Resets: 1 visitNo: 10 candSize: 1;Resets: 0 visitNo: 10 candSize: 1;Resets: 0 visitNo: 10 candSize: 1;Resets: 10 visitNo: 10 candSize: 1;Resets: 0 visitNo: 10 candSize: 1;Resets: 0 visitNo: 10 candSize: 1;Resets: 0 visitNo: 10 candSize: 1;Resets: 0 visitNo: 10 candSize: 1;Resets: 0 visitNo: 10 candSize: 1;Resets: 2 visitNo: 10 candSize: 1;Resets: 0 visitNo: 10 candSize: 1;Resets: 0 visitNo: 10 candSize: 1;Resets: 1 visitNo: 10 candSize: 1;Resets: 1 visitNo: 10 candSize: 1;Resets: 2 visitNo: 10 candSize: 1;Resets: 1 visitNo: 10 candSize: 1;Resets: 2 visitNo: 10 candSize: 1;Resets: 3 visitNo: 10 candSize: 1;Resets: 0 visitNo: 10 candSize: 1;Resets: 1 visitNo: 10 candSize: 1;Resets: 1 visitNo: 10 candSize: 1;Resets: 0 visitNo: 10 candSize: 1;Resets: 4 visitNo: 10 candSize: 1;Resets: 0 visitNo: 10 candSize: 1;Resets: 0 visitNo: 10 candSize: 1;Resets: 4 visitNo: 10 candSize: 1;Resets: 1 visitNo: 10 candSize: 1;Resets: 1 visitNo: 10 candSize: 1;Resets: 2 visitNo: 10 candSize: 1;Resets: 1 visitNo: 10 candSize: 1;Resets: 0 visitNo: 10 candSize: 1;Resets: 1 visitNo: 10 candSize: 1;Resets: 0 visitNo: 10 candSize: 1;Resets: 3 visitNo: 10 candSize: 1;Resets: 0 visitNo: 10 candSize: 1;Resets: 0 visitNo: 10 candSize: 1;Resets: 1 visitNo: 10 candSize: 1;Resets: 0 visitNo: 10 candSize: 1;Resets: 2 visitNo: 10 candSize: 1;Resets: 0 visitNo: 10 candSize: 1;Resets: 0 visitNo: 10 candSize: 1;Resets: 2 visitNo: 10 candSize: 1;Resets: 1 visitNo: 10 candSize: 1;Resets: 0 visitNo: 10 candSize: 1;Resets: 0 visitNo: 10 candSize: 1;Resets: 3 visitNo: 10 candSize: 1;Resets: 5 visitNo: 10 candSize: 1;Resets: 1 visitNo: 10 candSize: 1;Resets: 1 visitNo: 10 candSize: 1;Resets: 0 visitNo: 10 candSize: 1;Resets: 1 visitNo: 10 candSize: 1;Resets: 0 visitNo: 10 candSize: 1;Resets: 0 visitNo: 10 candSize: 1;Resets: 0 visitNo: 10 candSize: 1;Resets: 7 visitNo: 10 candSize: 1;Resets: 0 visitNo: 10 candSize: 1;Resets: 0 visitNo: 10 candSize: 1;Resets: 1 visitNo: 10 candSize: 1;Resets: 2 visitNo: 10 candSize: 1;Resets: 0 visitNo: 10 candSize: 1;Resets: 0 visitNo: 10 candSize: 1;Resets: 3 visitNo: 10 candSize: 1;Resets: 2 visitNo: 10 candSize: 1;
herman17_oneinit.pm();bold01;-1;-1;100;Resets: 0 visitNo: 8053985 candSize: 34;Resets: 0 visitNo: 7527670 candSize: 34;Resets: 0 visitNo: 8053985 candSize: 34;Resets: 0 visitNo: 6475039 candSize: 34;Resets: 0 visitNo: 4896093 candSize: 34;Resets: 0 visitNo: 5948724 candSize: 34;Resets: 0 visitNo: 8053985 candSize: 34;Resets: 0 visitNo: 5948724 candSize: 34;Resets: 0 visitNo: 7001354 candSize: 34;Resets: 0 visitNo: 18053976 candSize: 34;Resets: 0 visitNo: 7001354 candSize: 34;Resets: 0 visitNo: 6475039 candSize: 34;Resets: 0 visitNo: 7001354 candSize: 34;Resets: 0 visitNo: 5948724 candSize: 34;Resets: 0 visitNo: 10159246 candSize: 34;Resets: 0 visitNo: 5422409 candSize: 34;Resets: 0 visitNo: 7001354 candSize: 34;Resets: 0 visitNo: 8053985 candSize: 34;Resets: 0 visitNo: 9632931 candSize: 34;Resets: 0 visitNo: 6475039 candSize: 34;Resets: 0 visitNo: 8053985 candSize: 34;Resets: 0 visitNo: 10685561 candSize: 34;Resets: 0 visitNo: 7001354 candSize: 34;Resets: 0 visitNo: 9632931 candSize: 34;Resets: 0 visitNo: 7001354 candSize: 34;Resets: 0 visitNo: 8053985 candSize: 34;Resets: 0 visitNo: 8053985 candSize: 34;Resets: 0 visitNo: 7001354 candSize: 34;Resets: 0 visitNo: 8053985 candSize: 34;Resets: 0 visitNo: 8053985 candSize: 34;Resets: 0 visitNo: 7527670 candSize: 34;Resets: 0 visitNo: 9106616 candSize: 34;Resets: 0 visitNo: 10685561 candSize: 34;Resets: 0 visitNo: 7001354 candSize: 34;Resets: 0 visitNo: 9632931 candSize: 34;Resets: 0 visitNo: 7527670 candSize: 34;Resets: 0 visitNo: 8580300 candSize: 34;Resets: 0 visitNo: 8053985 candSize: 34;Resets: 0 visitNo: 8580300 candSize: 34;Resets: 0 visitNo: 7527670 candSize: 34;Resets: 0 visitNo: 6475039 candSize: 34;Resets: 0 visitNo: 5948724 candSize: 34;Resets: 0 visitNo: 7001354 candSize: 34;Resets: 0 visitNo: 5948724 candSize: 34;Resets: 0 visitNo: 7001354 candSize: 34;Resets: 0 visitNo: 8580300 candSize: 34;Resets: 0 visitNo: 5422409 candSize: 34;Resets: 0 visitNo: 9106616 candSize: 34;Resets: 0 visitNo: 8053985 candSize: 34;Resets: 0 visitNo: 14369768 candSize: 34;Resets: 0 visitNo: 5948724 candSize: 34;Resets: 0 visitNo: 8053985 candSize: 34;Resets: 0 visitNo: 7001354 candSize: 34;Resets: 0 visitNo: 7527670 candSize: 34;Resets: 0 visitNo: 6475039 candSize: 34;Resets: 0 visitNo: 7001354 candSize: 34;Resets: 0 visitNo: 8053985 candSize: 34;Resets: 0 visitNo: 3843463 candSize: 34;Resets: 0 visitNo: 5422409 candSize: 34;Resets: 0 visitNo: 8053985 candSize: 34;Resets: 0 visitNo: 7001354 candSize: 34;Resets: 0 visitNo: 3843463 candSize: 34;Resets: 0 visitNo: 5948724 candSize: 34;Resets: 0 visitNo: 5422409 candSize: 34;Resets: 0 visitNo: 5948724 candSize: 34;Resets: 0 visitNo: 8580300 candSize: 34;Resets: 0 visitNo: 7001354 candSize: 34;Resets: 0 visitNo: 8053985 candSize: 34;Resets: 0 visitNo: 6475039 candSize: 34;Resets: 0 visitNo: 6475039 candSize: 34;Resets: 0 visitNo: 8053985 candSize: 34;Resets: 0 visitNo: 7527670 candSize: 34;Resets: 0 visitNo: 6475039 candSize: 34;Resets: 0 visitNo: 8053985 candSize: 34;Resets: 0 visitNo: 8053985 candSize: 34;Resets: 0 visitNo: 5948724 candSize: 34;Resets: 0 visitNo: 12264507 candSize: 34;Resets: 0 visitNo: 6475039 candSize: 34;Resets: 0 visitNo: 10685561 candSize: 34;Resets: 0 visitNo: 9632931 candSize: 34;Resets: 0 visitNo: 7001354 candSize: 34;Resets: 0 visitNo: 7527670 candSize: 34;Resets: 0 visitNo: 7001354 candSize: 34;Resets: 0 visitNo: 8053985 candSize: 34;Resets: 0 visitNo: 7001354 candSize: 34;Resets: 0 visitNo: 6475039 candSize: 34;Resets: 0 visitNo: 9106616 candSize: 34;Resets: 0 visitNo: 5948724 candSize: 34;Resets: 0 visitNo: 6475039 candSize: 34;Resets: 0 visitNo: 7527670 candSize: 34;Resets: 0 visitNo: 7001354 candSize: 34;Resets: 0 visitNo: 7001354 candSize: 34;Resets: 0 visitNo: 4896093 candSize: 34;Resets: 0 visitNo: 8580300 candSize: 34;Resets: 0 visitNo: 7527670 candSize: 34;Resets: 0 visitNo: 8053985 candSize: 34;Resets: 0 visitNo: 8053985 candSize: 34;Resets: 0 visitNo: 8580300 candSize: 34;Resets: 0 visitNo: 8580300 candSize: 34;Resets: 0 visitNo: 7001354 candSize: 34;
scale.pm(N=10,M=50);bold01;1.25;14527.55;0;Resets: 3 visitNo: 209 candSize: 50;Resets: 1 visitNo: 154 candSize: 50;Resets: 2 visitNo: 235 candSize: 50;Resets: 3 visitNo: 219 candSize: 50;Resets: 0 visitNo: 73 candSize: 50;Resets: 0 visitNo: 80 candSize: 50;Resets: 0 visitNo: 63 candSize: 50;Resets: 2 visitNo: 160 candSize: 50;Resets: 4 visitNo: 376 candSize: 50;Resets: 3 visitNo: 302 candSize: 50;Resets: 1 visitNo: 147 candSize: 50;Resets: 0 visitNo: 82 candSize: 50;Resets: 0 visitNo: 73 candSize: 50;Resets: 1 visitNo: 77 candSize: 50;Resets: 0 visitNo: 82 candSize: 50;Resets: 1 visitNo: 155 candSize: 50;Resets: 0 visitNo: 79 candSize: 50;Resets: 1 visitNo: 70 candSize: 50;Resets: 2 visitNo: 227 candSize: 50;Resets: 0 visitNo: 79 candSize: 50;Resets: 0 visitNo: 82 candSize: 50;Resets: 1 visitNo: 75 candSize: 50;Resets: 1 visitNo: 147 candSize: 50;Resets: 0 visitNo: 82 candSize: 50;Resets: 0 visitNo: 80 candSize: 50;Resets: 1 visitNo: 83 candSize: 50;Resets: 0 visitNo: 75 candSize: 50;Resets: 1 visitNo: 148 candSize: 50;Resets: 0 visitNo: 73 candSize: 50;Resets: 1 visitNo: 154 candSize: 50;Resets: 0 visitNo: 79 candSize: 50;Resets: 4 visitNo: 373 candSize: 50;Resets: 0 visitNo: 80 candSize: 50;Resets: 0 visitNo: 76 candSize: 50;Resets: 4 visitNo: 382 candSize: 50;Resets: 3 visitNo: 292 candSize: 50;Resets: 0 visitNo: 80 candSize: 50;Resets: 0 visitNo: 79 candSize: 50;Resets: 2 visitNo: 235 candSize: 50;Resets: 2 visitNo: 233 candSize: 50;Resets: 4 visitNo: 353 candSize: 50;Resets: 3 visitNo: 304 candSize: 50;Resets: 1 visitNo: 154 candSize: 50;Resets: 1 visitNo: 148 candSize: 50;Resets: 5 visitNo: 379 candSize: 50;Resets: 3 visitNo: 291 candSize: 50;Resets: 0 visitNo: 79 candSize: 50;Resets: 0 visitNo: 80 candSize: 50;Resets: 1 visitNo: 157 candSize: 50;Resets: 3 visitNo: 294 candSize: 50;Resets: 4 visitNo: 362 candSize: 50;Resets: 1 visitNo: 141 candSize: 50;Resets: 1 visitNo: 147 candSize: 50;Resets: 1 visitNo: 150 candSize: 50;Resets: 1 visitNo: 157 candSize: 50;Resets: 0 visitNo: 76 candSize: 50;Resets: 2 visitNo: 219 candSize: 50;Resets: 1 visitNo: 157 candSize: 50;Resets: 1 visitNo: 144 candSize: 50;Resets: 0 visitNo: 77 candSize: 50;Resets: 2 visitNo: 227 candSize: 50;Resets: 0 visitNo: 70 candSize: 50;Resets: 5 visitNo: 363 candSize: 50;Resets: 1 visitNo: 152 candSize: 50;Resets: 1 visitNo: 150 candSize: 50;Resets: 0 visitNo: 70 candSize: 50;Resets: 1 visitNo: 152 candSize: 50;Resets: 2 visitNo: 216 candSize: 50;Resets: 2 visitNo: 235 candSize: 50;Resets: 0 visitNo: 82 candSize: 50;Resets: 0 visitNo: 79 candSize: 50;Resets: 3 visitNo: 222 candSize: 50;Resets: 0 visitNo: 85 candSize: 50;Resets: 1 visitNo: 155 candSize: 50;Resets: 0 visitNo: 82 candSize: 50;Resets: 4 visitNo: 370 candSize: 50;Resets: 0 visitNo: 69 candSize: 50;Resets: 1 visitNo: 82 candSize: 50;Resets: 1 visitNo: 147 candSize: 50;Resets: 0 visitNo: 79 candSize: 50;Resets: 0 visitNo: 77 candSize: 50;Resets: 5 visitNo: 435 candSize: 50;Resets: 1 visitNo: 154 candSize: 50;Resets: 0 visitNo: 80 candSize: 50;Resets: 0 visitNo: 82 candSize: 50;Resets: 1 visitNo: 137 candSize: 50;Resets: 4 visitNo: 314 candSize: 50;Resets: 2 visitNo: 164 candSize: 50;Resets: 0 visitNo: 80 candSize: 50;Resets: 2 visitNo: 157 candSize: 50;Resets: 0 visitNo: 82 candSize: 50;Resets: 3 visitNo: 230 candSize: 50;Resets: 1 visitNo: 152 candSize: 50;Resets: 0 visitNo: 77 candSize: 50;Resets: 0 visitNo: 69 candSize: 50;Resets: 3 visitNo: 278 candSize: 50;Resets: 1 visitNo: 148 candSize: 50;Resets: 0 visitNo: 62 candSize: 50;Resets: 1 visitNo: 66 candSize: 50;Resets: 0 visitNo: 76 candSize: 50;
gridworld.pm(N=50,p=0.999);bold01;-1;-1;100;Resets: 0 visitNo: 1543531 candSize: 2499;Resets: 0 visitNo: 2070267 candSize: 2499;Resets: 0 visitNo: 1647479 candSize: 2499;Resets: 0 visitNo: 1612496 candSize: 2499;Resets: 0 visitNo: 1742431 candSize: 2499;Resets: 0 visitNo: 1556524 candSize: 2499;Resets: 0 visitNo: 1710447 candSize: 2499;Resets: 0 visitNo: 1606499 candSize: 2499;Resets: 0 visitNo: 1803401 candSize: 2499;Resets: 0 visitNo: 1825390 candSize: 2499;Resets: 0 visitNo: 1607499 candSize: 2499;Resets: 0 visitNo: 1596504 candSize: 2499;Resets: 0 visitNo: 1704450 candSize: 2499;Resets: 0 visitNo: 1521542 candSize: 2499;Resets: 0 visitNo: 1526539 candSize: 2499;Resets: 0 visitNo: 1564520 candSize: 2499;Resets: 0 visitNo: 1584510 candSize: 2499;Resets: 0 visitNo: 1543531 candSize: 2499;Resets: 0 visitNo: 1583511 candSize: 2499;Resets: 0 visitNo: 1532536 candSize: 2499;Resets: 0 visitNo: 1877364 candSize: 2499;Resets: 0 visitNo: 1816394 candSize: 2499;Resets: 0 visitNo: 1569518 candSize: 2499;Resets: 0 visitNo: 1596504 candSize: 2499;Resets: 0 visitNo: 1705450 candSize: 2499;Resets: 0 visitNo: 1824390 candSize: 2499;Resets: 0 visitNo: 1792406 candSize: 2499;Resets: 0 visitNo: 1727439 candSize: 2499;Resets: 0 visitNo: 1634485 candSize: 2499;Resets: 0 visitNo: 1674465 candSize: 2499;Resets: 0 visitNo: 1822391 candSize: 2499;Resets: 0 visitNo: 2126239 candSize: 2499;Resets: 0 visitNo: 1777414 candSize: 2499;Resets: 0 visitNo: 1597504 candSize: 2499;Resets: 0 visitNo: 1712446 candSize: 2499;Resets: 0 visitNo: 1818393 candSize: 2499;Resets: 0 visitNo: 1636484 candSize: 2499;Resets: 0 visitNo: 1881362 candSize: 2499;Resets: 0 visitNo: 1550527 candSize: 2499;Resets: 0 visitNo: 1866369 candSize: 2499;Resets: 0 visitNo: 1530537 candSize: 2499;Resets: 0 visitNo: 1565520 candSize: 2499;Resets: 0 visitNo: 1511547 candSize: 2499;Resets: 0 visitNo: 1670467 candSize: 2499;Resets: 0 visitNo: 1951327 candSize: 2499;Resets: 0 visitNo: 1683461 candSize: 2499;Resets: 0 visitNo: 1763421 candSize: 2499;Resets: 0 visitNo: 1498553 candSize: 2499;Resets: 0 visitNo: 1953326 candSize: 2499;Resets: 0 visitNo: 1524540 candSize: 2499;Resets: 0 visitNo: 1684460 candSize: 2499;Resets: 0 visitNo: 1615495 candSize: 2499;Resets: 0 visitNo: 1945330 candSize: 2499;Resets: 0 visitNo: 2295155 candSize: 2499;Resets: 0 visitNo: 1523541 candSize: 2499;Resets: 0 visitNo: 1625490 candSize: 2499;Resets: 0 visitNo: 1656474 candSize: 2499;Resets: 0 visitNo: 1805400 candSize: 2499;Resets: 0 visitNo: 1671467 candSize: 2499;Resets: 0 visitNo: 1567519 candSize: 2499;Resets: 0 visitNo: 1728438 candSize: 2499;Resets: 0 visitNo: 1594505 candSize: 2499;Resets: 0 visitNo: 1716444 candSize: 2499;Resets: 0 visitNo: 1585510 candSize: 2499;Resets: 0 visitNo: 1725440 candSize: 2499;Resets: 0 visitNo: 1568518 candSize: 2499;Resets: 0 visitNo: 1559523 candSize: 2499;Resets: 0 visitNo: 1638483 candSize: 2499;Resets: 0 visitNo: 1538533 candSize: 2499;Resets: 0 visitNo: 1714445 candSize: 2499;Resets: 0 visitNo: 1803401 candSize: 2499;Resets: 0 visitNo: 2032286 candSize: 2499;Resets: 0 visitNo: 1583511 candSize: 2499;Resets: 0 visitNo: 1814395 candSize: 2499;Resets: 0 visitNo: 1538533 candSize: 2499;Resets: 0 visitNo: 1558523 candSize: 2499;Resets: 0 visitNo: 1592506 candSize: 2499;Resets: 0 visitNo: 1898353 candSize: 2499;Resets: 0 visitNo: 1864370 candSize: 2499;Resets: 0 visitNo: 1700452 candSize: 2499;Resets: 0 visitNo: 1978313 candSize: 2499;Resets: 0 visitNo: 1690457 candSize: 2499;Resets: 0 visitNo: 1641482 candSize: 2499;Resets: 0 visitNo: 1700452 candSize: 2499;Resets: 0 visitNo: 1539533 candSize: 2499;Resets: 0 visitNo: 1787409 candSize: 2499;Resets: 0 visitNo: 1853376 candSize: 2499;Resets: 0 visitNo: 1672466 candSize: 2499;Resets: 0 visitNo: 1584510 candSize: 2499;Resets: 0 visitNo: 1755425 candSize: 2499;Resets: 0 visitNo: 1552526 candSize: 2499;Resets: 0 visitNo: 1833386 candSize: 2499;Resets: 0 visitNo: 1701452 candSize: 2499;Resets: 0 visitNo: 1630487 candSize: 2499;Resets: 0 visitNo: 1580512 candSize: 2499;Resets: 0 visitNo: 1546529 candSize: 2499;Resets: 0 visitNo: 1567519 candSize: 2499;Resets: 0 visitNo: 1583511 candSize: 2499;Resets: 0 visitNo: 1643481 candSize: 2499;Resets: 0 visitNo: 1871367 candSize: 2499;
not_gridworld.pm(N=50,p=0.999);bold01;-1;-1;100;Resets: 0 visitNo: 1589508 candSize: 2549;Resets: 0 visitNo: 2388108 candSize: 2499;Resets: 0 visitNo: 1806399 candSize: 2499;Resets: 0 visitNo: 1756424 candSize: 2499;Resets: 0 visitNo: 1672466 candSize: 2499;Resets: 0 visitNo: 1724440 candSize: 2499;Resets: 0 visitNo: 1814395 candSize: 2499;Resets: 0 visitNo: 1643481 candSize: 2499;Resets: 0 visitNo: 1746429 candSize: 2499;Resets: 0 visitNo: 1689458 candSize: 2499;Resets: 0 visitNo: 1989308 candSize: 2499;Resets: 0 visitNo: 1898353 candSize: 2499;Resets: 0 visitNo: 1578513 candSize: 2499;Resets: 0 visitNo: 1787409 candSize: 2499;Resets: 0 visitNo: 1598503 candSize: 2499;Resets: 0 visitNo: 1612496 candSize: 2499;Resets: 0 visitNo: 1584510 candSize: 2499;Resets: 0 visitNo: 1788408 candSize: 2499;Resets: 0 visitNo: 1776414 candSize: 2499;Resets: 0 visitNo: 1560522 candSize: 2499;Resets: 0 visitNo: 1676464 candSize: 2499;Resets: 0 visitNo: 1825390 candSize: 2499;Resets: 0 visitNo: 1612496 candSize: 2499;Resets: 0 visitNo: 1596504 candSize: 2499;Resets: 0 visitNo: 1665470 candSize: 2499;Resets: 0 visitNo: 1544530 candSize: 2549;Resets: 0 visitNo: 1621492 candSize: 2549;Resets: 0 visitNo: 1852376 candSize: 2499;Resets: 0 visitNo: 1599503 candSize: 2499;Resets: 0 visitNo: 1614495 candSize: 2499;Resets: 0 visitNo: 1700452 candSize: 2499;Resets: 0 visitNo: 2425090 candSize: 2499;Resets: 0 visitNo: 1647479 candSize: 2499;Resets: 0 visitNo: 1706449 candSize: 2499;Resets: 0 visitNo: 1602501 candSize: 2549;Resets: 0 visitNo: 1615495 candSize: 2499;Resets: 0 visitNo: 1697454 candSize: 2499;Resets: 0 visitNo: 1563521 candSize: 2549;Resets: 0 visitNo: 1878363 candSize: 2499;Resets: 0 visitNo: 1989308 candSize: 2499;Resets: 0 visitNo: 2513046 candSize: 2499;Resets: 0 visitNo: 1532536 candSize: 2499;Resets: 0 visitNo: 1715445 candSize: 2499;Resets: 0 visitNo: 1879363 candSize: 2499;Resets: 0 visitNo: 1948328 candSize: 2499;Resets: 0 visitNo: 1879363 candSize: 2499;Resets: 0 visitNo: 1624490 candSize: 2499;Resets: 0 visitNo: 1885360 candSize: 2499;Resets: 0 visitNo: 1717444 candSize: 2499;Resets: 0 visitNo: 1565520 candSize: 2499;Resets: 0 visitNo: 1766419 candSize: 2499;Resets: 0 visitNo: 1563521 candSize: 2499;Resets: 0 visitNo: 1801402 candSize: 2499;Resets: 0 visitNo: 1640482 candSize: 2499;Resets: 0 visitNo: 1822391 candSize: 2499;Resets: 0 visitNo: 1886359 candSize: 2499;Resets: 0 visitNo: 1983311 candSize: 2499;Resets: 0 visitNo: 1584510 candSize: 2499;Resets: 0 visitNo: 1843381 candSize: 2499;Resets: 0 visitNo: 1699453 candSize: 2499;Resets: 0 visitNo: 1642481 candSize: 2499;Resets: 0 visitNo: 1634485 candSize: 2499;Resets: 0 visitNo: 1748428 candSize: 2499;Resets: 0 visitNo: 1584510 candSize: 2499;Resets: 0 visitNo: 1620492 candSize: 2499;Resets: 0 visitNo: 1533536 candSize: 2499;Resets: 0 visitNo: 1705450 candSize: 2499;Resets: 0 visitNo: 1746429 candSize: 2499;Resets: 0 visitNo: 2539033 candSize: 2499;Resets: 0 visitNo: 1691457 candSize: 2499;Resets: 0 visitNo: 1708448 candSize: 2499;Resets: 0 visitNo: 1897354 candSize: 2499;Resets: 0 visitNo: 1952326 candSize: 2499;Resets: 0 visitNo: 1551527 candSize: 2499;Resets: 0 visitNo: 1681462 candSize: 2499;Resets: 0 visitNo: 1979313 candSize: 2499;Resets: 0 visitNo: 1639483 candSize: 2499;Resets: 0 visitNo: 1732436 candSize: 2499;Resets: 0 visitNo: 1604500 candSize: 2549;Resets: 0 visitNo: 1643481 candSize: 2499;Resets: 0 visitNo: 1597504 candSize: 2499;Resets: 0 visitNo: 1792406 candSize: 2499;Resets: 0 visitNo: 1891357 candSize: 2499;Resets: 0 visitNo: 1752426 candSize: 2499;Resets: 0 visitNo: 1784410 candSize: 2499;Resets: 0 visitNo: 1648478 candSize: 2499;Resets: 0 visitNo: 1610497 candSize: 2499;Resets: 0 visitNo: 1958323 candSize: 2499;Resets: 0 visitNo: 1740432 candSize: 2499;Resets: 0 visitNo: 1575515 candSize: 2499;Resets: 0 visitNo: 1846379 candSize: 2499;Resets: 0 visitNo: 1968318 candSize: 2499;Resets: 0 visitNo: 1542531 candSize: 2499;Resets: 0 visitNo: 2082261 candSize: 2499;Resets: 0 visitNo: 1948328 candSize: 2499;Resets: 0 visitNo: 1673466 candSize: 2499;Resets: 0 visitNo: 1556524 candSize: 2549;Resets: 0 visitNo: 1621492 candSize: 2499;Resets: 0 visitNo: 1634485 candSize: 2499;Resets: 0 visitNo: 1574515 candSize: 2499;
nand.pm(N=50,K=3);bold05;5.33;8948.6;0;Resets: 2 visitNo: 134 candSize: 1;Resets: 1 visitNo: 84 candSize: 1;Resets: 10 visitNo: 530 candSize: 1;Resets: 7 visitNo: 381 candSize: 1;Resets: 1 visitNo: 84 candSize: 1;Resets: 1 visitNo: 84 candSize: 1;init;Resets: 8 visitNo: 431 candSize: 1;Resets: 15 visitNo: 777 candSize: 1;Resets: 12 visitNo: 629 candSize: 1;Resets: 3 visitNo: 183 candSize: 1;Resets: 2 visitNo: 134 candSize: 1;Resets: 24 visitNo: 1223 candSize: 1;Resets: 5 visitNo: 282 candSize: 1;Resets: 2 visitNo: 134 candSize: 1;Resets: 2 visitNo: 134 candSize: 1;Resets: 20 visitNo: 1025 candSize: 1;Resets: 4 visitNo: 233 candSize: 1;Resets: 1 visitNo: 84 candSize: 1;Resets: 9 visitNo: 480 candSize: 1;init;init;Resets: 5 visitNo: 282 candSize: 1;Resets: 2 visitNo: 134 candSize: 1;Resets: 11 visitNo: 579 candSize: 1;init;Resets: 5 visitNo: 282 candSize: 1;init;Resets: 1 visitNo: 84 candSize: 1;Resets: 5 visitNo: 282 candSize: 1;Resets: 12 visitNo: 629 candSize: 1;init;Resets: 9 visitNo: 480 candSize: 1;Resets: 9 visitNo: 480 candSize: 1;Resets: 5 visitNo: 282 candSize: 1;Resets: 13 visitNo: 678 candSize: 1;Resets: 15 visitNo: 777 candSize: 1;Resets: 5 visitNo: 282 candSize: 1;Resets: 4 visitNo: 233 candSize: 1;Resets: 7 visitNo: 381 candSize: 1;Resets: 4 visitNo: 233 candSize: 1;Resets: 3 visitNo: 183 candSize: 1;Resets: 1 visitNo: 84 candSize: 1;Resets: 3 visitNo: 183 candSize: 1;Resets: 1 visitNo: 84 candSize: 1;Resets: 11 visitNo: 579 candSize: 1;Resets: 8 visitNo: 431 candSize: 1;Resets: 15 visitNo: 777 candSize: 1;Resets: 10 visitNo: 530 candSize: 1;Resets: 9 visitNo: 480 candSize: 1;init;init;init;Resets: 3 visitNo: 183 candSize: 1;Resets: 3 visitNo: 183 candSize: 1;Resets: 1 visitNo: 84 candSize: 1;Resets: 1 visitNo: 84 candSize: 1;init;init;Resets: 1 visitNo: 84 candSize: 1;Resets: 20 visitNo: 1025 candSize: 1;Resets: 3 visitNo: 183 candSize: 1;Resets: 11 visitNo: 579 candSize: 1;Resets: 13 visitNo: 678 candSize: 1;Resets: 9 visitNo: 480 candSize: 1;init;Resets: 6 visitNo: 332 candSize: 1;Resets: 3 visitNo: 183 candSize: 1;Resets: 3 visitNo: 183 candSize: 1;init;Resets: 15 visitNo: 777 candSize: 1;Resets: 3 visitNo: 183 candSize: 1;Resets: 3 visitNo: 183 candSize: 1;Resets: 14 visitNo: 728 candSize: 1;Resets: 5 visitNo: 282 candSize: 1;Resets: 15 visitNo: 777 candSize: 1;Resets: 16 visitNo: 827 candSize: 1;Resets: 2 visitNo: 134 candSize: 1;Resets: 5 visitNo: 282 candSize: 1;init;Resets: 5 visitNo: 282 candSize: 1;Resets: 1 visitNo: 84 candSize: 1;Resets: 8 visitNo: 431 candSize: 1;Resets: 4 visitNo: 233 candSize: 1;Resets: 5 visitNo: 282 candSize: 1;Resets: 3 visitNo: 183 candSize: 1;Resets: 3 visitNo: 183 candSize: 1;Resets: 1 visitNo: 84 candSize: 1;Resets: 4 visitNo: 233 candSize: 1;Resets: 1 visitNo: 84 candSize: 1;Resets: 16 visitNo: 827 candSize: 1;init;Resets: 4 visitNo: 233 candSize: 1;Resets: 1 visitNo: 84 candSize: 1;Resets: 1 visitNo: 84 candSize: 1;Resets: 1 visitNo: 84 candSize: 1;Resets: 1 visitNo: 84 candSize: 1;Resets: 9 visitNo: 480 candSize: 1;init;Resets: 8 visitNo: 431 candSize: 1;
crowds_nodl.pm(TotalRuns=6,CrowdSize=15);bold01;1.05;237.71;0;Resets: 0 visitNo: 63 candSize: 1;Resets: 0 visitNo: 135 candSize: 1;Resets: 0 visitNo: 92 candSize: 1;Resets: 2 visitNo: 208 candSize: 1;Resets: 0 visitNo: 77 candSize: 1;Resets: 2 visitNo: 324 candSize: 1;Resets: 0 visitNo: 150 candSize: 1;Resets: 3 visitNo: 295 candSize: 1;Resets: 6 visitNo: 498 candSize: 1;Resets: 0 visitNo: 77 candSize: 1;Resets: 3 visitNo: 164 candSize: 1;Resets: 2 visitNo: 179 candSize: 1;Resets: 1 visitNo: 295 candSize: 1;Resets: 0 visitNo: 150 candSize: 1;Resets: 4 visitNo: 324 candSize: 1;Resets: 0 visitNo: 223 candSize: 1;Resets: 0 visitNo: 77 candSize: 1;Resets: 0 visitNo: 48 candSize: 1;Resets: 0 visitNo: 121 candSize: 1;Resets: 1 visitNo: 194 candSize: 1;Resets: 0 visitNo: 135 candSize: 1;Resets: 1 visitNo: 150 candSize: 1;Resets: 1 visitNo: 63 candSize: 1;Resets: 2 visitNo: 223 candSize: 1;Resets: 1 visitNo: 150 candSize: 1;Resets: 0 visitNo: 106 candSize: 1;Resets: 2 visitNo: 135 candSize: 1;Resets: 4 visitNo: 208 candSize: 1;Resets: 1 visitNo: 208 candSize: 1;Resets: 0 visitNo: 63 candSize: 1;Resets: 1 visitNo: 164 candSize: 1;Resets: 1 visitNo: 164 candSize: 1;Resets: 4 visitNo: 353 candSize: 1;Resets: 0 visitNo: 77 candSize: 1;Resets: 0 visitNo: 48 candSize: 1;Resets: 0 visitNo: 48 candSize: 1;Resets: 1 visitNo: 150 candSize: 1;Resets: 1 visitNo: 63 candSize: 1;Resets: 2 visitNo: 208 candSize: 1;Resets: 0 visitNo: 135 candSize: 1;Resets: 1 visitNo: 106 candSize: 1;Resets: 0 visitNo: 48 candSize: 1;Resets: 0 visitNo: 121 candSize: 1;Resets: 3 visitNo: 208 candSize: 1;Resets: 0 visitNo: 77 candSize: 1;Resets: 0 visitNo: 92 candSize: 1;Resets: 2 visitNo: 194 candSize: 1;Resets: 0 visitNo: 48 candSize: 1;Resets: 4 visitNo: 339 candSize: 1;Resets: 0 visitNo: 48 candSize: 1;Resets: 2 visitNo: 77 candSize: 1;Resets: 1 visitNo: 135 candSize: 1;Resets: 2 visitNo: 208 candSize: 1;Resets: 0 visitNo: 63 candSize: 1;Resets: 2 visitNo: 121 candSize: 1;Resets: 0 visitNo: 63 candSize: 1;Resets: 2 visitNo: 208 candSize: 1;Resets: 0 visitNo: 150 candSize: 1;Resets: 3 visitNo: 266 candSize: 1;Resets: 0 visitNo: 106 candSize: 1;Resets: 0 visitNo: 92 candSize: 1;Resets: 0 visitNo: 121 candSize: 1;Resets: 1 visitNo: 194 candSize: 1;Resets: 0 visitNo: 48 candSize: 1;Resets: 1 visitNo: 150 candSize: 1;Resets: 0 visitNo: 77 candSize: 1;Resets: 3 visitNo: 266 candSize: 1;Resets: 0 visitNo: 106 candSize: 1;Resets: 2 visitNo: 252 candSize: 1;Resets: 1 visitNo: 92 candSize: 1;Resets: 0 visitNo: 48 candSize: 1;Resets: 0 visitNo: 48 candSize: 1;Resets: 0 visitNo: 92 candSize: 1;Resets: 4 visitNo: 368 candSize: 1;Resets: 0 visitNo: 150 candSize: 1;Resets: 1 visitNo: 106 candSize: 1;Resets: 1 visitNo: 92 candSize: 1;Resets: 0 visitNo: 92 candSize: 1;Resets: 2 visitNo: 310 candSize: 1;Resets: 1 visitNo: 63 candSize: 1;Resets: 0 visitNo: 63 candSize: 1;Resets: 0 visitNo: 92 candSize: 1;Resets: 0 visitNo: 63 candSize: 1;Resets: 1 visitNo: 237 candSize: 1;Resets: 1 visitNo: 237 candSize: 1;Resets: 1 visitNo: 63 candSize: 1;Resets: 0 visitNo: 121 candSize: 1;Resets: 0 visitNo: 77 candSize: 1;Resets: 2 visitNo: 135 candSize: 1;Resets: 1 visitNo: 121 candSize: 1;Resets: 0 visitNo: 48 candSize: 1;Resets: 9 visitNo: 629 candSize: 1;Resets: 1 visitNo: 77 candSize: 1;Resets: 0 visitNo: 48 candSize: 1;Resets: 1 visitNo: 164 candSize: 1;Resets: 0 visitNo: 121 candSize: 1;Resets: 1 visitNo: 121 candSize: 1;Resets: 1 visitNo: 194 candSize: 1;Resets: 1 visitNo: 194 candSize: 1;Resets: 0 visitNo: 77 candSize: 1;
bluetooth_oneinit.pm(mrec=4);bold05;4.19;4850.81;0;Resets: 13 visitNo: 1747 candSize: 1;Resets: 1 visitNo: 216 candSize: 1;Resets: 4 visitNo: 599 candSize: 1;Resets: 5 visitNo: 727 candSize: 1;init;Resets: 3 visitNo: 472 candSize: 1;Resets: 6 visitNo: 854 candSize: 1;init;Resets: 1 visitNo: 216 candSize: 1;Resets: 7 visitNo: 982 candSize: 1;Resets: 1 visitNo: 216 candSize: 1;Resets: 3 visitNo: 472 candSize: 1;init;Resets: 2 visitNo: 344 candSize: 1;Resets: 3 visitNo: 472 candSize: 1;Resets: 8 visitNo: 1109 candSize: 1;Resets: 2 visitNo: 344 candSize: 1;Resets: 11 visitNo: 1492 candSize: 1;Resets: 2 visitNo: 344 candSize: 1;Resets: 1 visitNo: 216 candSize: 1;Resets: 1 visitNo: 216 candSize: 1;Resets: 3 visitNo: 472 candSize: 1;Resets: 2 visitNo: 344 candSize: 1;Resets: 4 visitNo: 599 candSize: 1;Resets: 7 visitNo: 982 candSize: 1;Resets: 2 visitNo: 344 candSize: 1;Resets: 4 visitNo: 599 candSize: 1;Resets: 1 visitNo: 216 candSize: 1;Resets: 2 visitNo: 344 candSize: 1;Resets: 1 visitNo: 216 candSize: 1;Resets: 5 visitNo: 727 candSize: 1;init;Resets: 7 visitNo: 982 candSize: 1;Resets: 6 visitNo: 854 candSize: 1;Resets: 7 visitNo: 982 candSize: 1;Resets: 2 visitNo: 344 candSize: 1;Resets: 17 visitNo: 2257 candSize: 1;init;Resets: 3 visitNo: 472 candSize: 1;Resets: 7 visitNo: 982 candSize: 1;Resets: 6 visitNo: 854 candSize: 1;Resets: 1 visitNo: 216 candSize: 1;Resets: 1 visitNo: 216 candSize: 1;init;Resets: 4 visitNo: 599 candSize: 1;Resets: 2 visitNo: 344 candSize: 1;Resets: 9 visitNo: 1237 candSize: 1;Resets: 12 visitNo: 1619 candSize: 1;Resets: 4 visitNo: 599 candSize: 1;Resets: 2 visitNo: 344 candSize: 1;Resets: 12 visitNo: 1619 candSize: 1;Resets: 1 visitNo: 216 candSize: 1;Resets: 2 visitNo: 344 candSize: 1;init;Resets: 2 visitNo: 344 candSize: 1;Resets: 5 visitNo: 727 candSize: 1;Resets: 8 visitNo: 1109 candSize: 1;Resets: 4 visitNo: 599 candSize: 1;Resets: 3 visitNo: 472 candSize: 1;Resets: 7 visitNo: 982 candSize: 1;Resets: 2 visitNo: 344 candSize: 1;Resets: 6 visitNo: 854 candSize: 1;init;Resets: 2 visitNo: 344 candSize: 1;init;Resets: 11 visitNo: 1492 candSize: 1;Resets: 5 visitNo: 727 candSize: 1;Resets: 1 visitNo: 216 candSize: 1;Resets: 8 visitNo: 1237 candSize: 1;Resets: 5 visitNo: 727 candSize: 1;init;Resets: 4 visitNo: 599 candSize: 1;Resets: 3 visitNo: 472 candSize: 1;Resets: 3 visitNo: 472 candSize: 1;init;Resets: 9 visitNo: 1237 candSize: 1;Resets: 1 visitNo: 216 candSize: 1;Resets: 5 visitNo: 727 candSize: 1;Resets: 2 visitNo: 344 candSize: 1;Resets: 6 visitNo: 854 candSize: 1;Resets: 30 visitNo: 3915 candSize: 1;Resets: 18 visitNo: 2385 candSize: 1;Resets: 1 visitNo: 216 candSize: 1;Resets: 3 visitNo: 472 candSize: 1;Resets: 23 visitNo: 3022 candSize: 1;init;Resets: 2 visitNo: 344 candSize: 1;Resets: 8 visitNo: 1109 candSize: 1;Resets: 4 visitNo: 599 candSize: 1;Resets: 3 visitNo: 472 candSize: 1;Resets: 3 visitNo: 472 candSize: 1;Resets: 0 visitNo: 216 candSize: 1;init;Resets: 3 visitNo: 472 candSize: 1;Resets: 3 visitNo: 472 candSize: 1;Resets: 1 visitNo: 216 candSize: 1;init;Resets: 2 visitNo: 344 candSize: 1;Resets: 1 visitNo: 216 candSize: 1;Resets: 2 visitNo: 344 candSize: 1;
herman17_oneinit.pm();bold05;-1;-1;100;Resets: 0 visitNo: 9312174 candSize: 34;Resets: 0 visitNo: 7733229 candSize: 34;Resets: 0 visitNo: 5627967 candSize: 34;Resets: 0 visitNo: 5101652 candSize: 34;Resets: 0 visitNo: 4049021 candSize: 34;Resets: 0 visitNo: 6154283 candSize: 34;Resets: 0 visitNo: 7206913 candSize: 34;Resets: 0 visitNo: 8785859 candSize: 34;Resets: 0 visitNo: 4049021 candSize: 34;Resets: 0 visitNo: 6154283 candSize: 34;Resets: 0 visitNo: 6680598 candSize: 34;Resets: 0 visitNo: 4049021 candSize: 34;Resets: 0 visitNo: 6154283 candSize: 34;Resets: 0 visitNo: 8259544 candSize: 34;Resets: 0 visitNo: 6680598 candSize: 34;Resets: 0 visitNo: 6154283 candSize: 34;Resets: 0 visitNo: 6680598 candSize: 34;Resets: 0 visitNo: 7206913 candSize: 34;Resets: 0 visitNo: 5627967 candSize: 34;Resets: 0 visitNo: 7733229 candSize: 34;Resets: 0 visitNo: 4575337 candSize: 34;Resets: 0 visitNo: 8785859 candSize: 34;Resets: 0 visitNo: 7206913 candSize: 34;Resets: 0 visitNo: 7733229 candSize: 34;Resets: 0 visitNo: 6154283 candSize: 34;Resets: 0 visitNo: 6680598 candSize: 34;Resets: 0 visitNo: 6680598 candSize: 34;Resets: 0 visitNo: 7206913 candSize: 34;Resets: 0 visitNo: 4575337 candSize: 34;Resets: 0 visitNo: 5627967 candSize: 34;Resets: 0 visitNo: 7733229 candSize: 34;Resets: 0 visitNo: 4575337 candSize: 34;Resets: 0 visitNo: 8785859 candSize: 34;Resets: 0 visitNo: 7733229 candSize: 34;Resets: 0 visitNo: 5101652 candSize: 34;Resets: 0 visitNo: 7733229 candSize: 34;Resets: 0 visitNo: 7733229 candSize: 34;Resets: 0 visitNo: 6154283 candSize: 34;Resets: 0 visitNo: 8785859 candSize: 34;Resets: 0 visitNo: 6680598 candSize: 34;Resets: 0 visitNo: 6154283 candSize: 34;Resets: 0 visitNo: 4575337 candSize: 34;Resets: 0 visitNo: 5627967 candSize: 34;Resets: 0 visitNo: 7733229 candSize: 34;Resets: 0 visitNo: 4575337 candSize: 34;Resets: 0 visitNo: 7206913 candSize: 34;Resets: 0 visitNo: 5101652 candSize: 34;Resets: 0 visitNo: 6680598 candSize: 34;Resets: 0 visitNo: 7206913 candSize: 34;Resets: 0 visitNo: 5627967 candSize: 34;Resets: 0 visitNo: 5627967 candSize: 34;Resets: 0 visitNo: 7206913 candSize: 34;Resets: 0 visitNo: 6680598 candSize: 34;Resets: 0 visitNo: 6680598 candSize: 34;Resets: 0 visitNo: 5101652 candSize: 34;Resets: 0 visitNo: 6154283 candSize: 34;Resets: 0 visitNo: 5101652 candSize: 34;Resets: 0 visitNo: 7206913 candSize: 34;Resets: 0 visitNo: 5627967 candSize: 34;Resets: 0 visitNo: 7206913 candSize: 34;Resets: 0 visitNo: 6154283 candSize: 34;Resets: 0 visitNo: 8259544 candSize: 34;Resets: 0 visitNo: 4049021 candSize: 34;Resets: 0 visitNo: 6680598 candSize: 34;Resets: 0 visitNo: 6154283 candSize: 34;Resets: 0 visitNo: 5627967 candSize: 34;Resets: 0 visitNo: 4575337 candSize: 34;Resets: 0 visitNo: 5627967 candSize: 34;Resets: 0 visitNo: 5101652 candSize: 34;Resets: 0 visitNo: 7206913 candSize: 34;Resets: 0 visitNo: 5627967 candSize: 34;Resets: 0 visitNo: 6154283 candSize: 34;Resets: 0 visitNo: 7733229 candSize: 34;Resets: 0 visitNo: 6154283 candSize: 34;Resets: 0 visitNo: 8259544 candSize: 34;Resets: 0 visitNo: 7206913 candSize: 34;Resets: 0 visitNo: 6680598 candSize: 34;Resets: 0 visitNo: 7206913 candSize: 34;Resets: 0 visitNo: 7206913 candSize: 34;Resets: 0 visitNo: 5101652 candSize: 34;Resets: 0 visitNo: 6154283 candSize: 34;Resets: 0 visitNo: 7733229 candSize: 34;Resets: 0 visitNo: 9312174 candSize: 34;Resets: 0 visitNo: 6680598 candSize: 34;Resets: 0 visitNo: 6154283 candSize: 34;Resets: 0 visitNo: 6680598 candSize: 34;Resets: 0 visitNo: 8785859 candSize: 34;Resets: 0 visitNo: 6680598 candSize: 34;Resets: 0 visitNo: 6154283 candSize: 34;Resets: 0 visitNo: 6680598 candSize: 34;Resets: 0 visitNo: 6680598 candSize: 34;Resets: 0 visitNo: 6680598 candSize: 34;Resets: 0 visitNo: 5101652 candSize: 34;Resets: 0 visitNo: 4575337 candSize: 34;Resets: 0 visitNo: 6680598 candSize: 34;Resets: 0 visitNo: 6154283 candSize: 34;Resets: 0 visitNo: 6154283 candSize: 34;Resets: 0 visitNo: 5627967 candSize: 34;Resets: 0 visitNo: 7733229 candSize: 34;Resets: 0 visitNo: 7206913 candSize: 34;
scale.pm(N=10,M=50);bold05;2.43;15323.35;0;Resets: 1 visitNo: 82 candSize: 50;Resets: 3 visitNo: 153 candSize: 50;Resets: 1 visitNo: 75 candSize: 50;Resets: 2 visitNo: 150 candSize: 50;Resets: 4 visitNo: 156 candSize: 50;Resets: 1 visitNo: 56 candSize: 50;Resets: 2 visitNo: 68 candSize: 50;Resets: 2 visitNo: 78 candSize: 50;Resets: 1 visitNo: 81 candSize: 50;Resets: 1 visitNo: 81 candSize: 50;Resets: 3 visitNo: 154 candSize: 50;Resets: 2 visitNo: 156 candSize: 50;Resets: 3 visitNo: 216 candSize: 50;Resets: 2 visitNo: 153 candSize: 50;Resets: 1 visitNo: 66 candSize: 50;Resets: 3 visitNo: 139 candSize: 50;Resets: 5 visitNo: 306 candSize: 50;Resets: 1 visitNo: 79 candSize: 50;Resets: 5 visitNo: 384 candSize: 50;Resets: 2 visitNo: 82 candSize: 50;Resets: 1 visitNo: 77 candSize: 50;Resets: 2 visitNo: 157 candSize: 50;Resets: 2 visitNo: 157 candSize: 50;Resets: 2 visitNo: 153 candSize: 50;Resets: 4 visitNo: 289 candSize: 50;Resets: 2 visitNo: 81 candSize: 50;Resets: 4 visitNo: 320 candSize: 50;Resets: 1 visitNo: 81 candSize: 50;Resets: 4 visitNo: 232 candSize: 50;Resets: 1 visitNo: 81 candSize: 50;Resets: 1 visitNo: 68 candSize: 50;Resets: 1 visitNo: 77 candSize: 50;Resets: 1 visitNo: 69 candSize: 50;Resets: 1 visitNo: 72 candSize: 50;Resets: 2 visitNo: 157 candSize: 50;Resets: 1 visitNo: 75 candSize: 50;Resets: 1 visitNo: 81 candSize: 50;Resets: 1 visitNo: 84 candSize: 50;Resets: 2 visitNo: 79 candSize: 50;Resets: 2 visitNo: 160 candSize: 50;Resets: 2 visitNo: 146 candSize: 50;Resets: 2 visitNo: 147 candSize: 50;Resets: 2 visitNo: 84 candSize: 50;Resets: 2 visitNo: 159 candSize: 50;Resets: 5 visitNo: 369 candSize: 50;Resets: 2 visitNo: 154 candSize: 50;Resets: 7 visitNo: 531 candSize: 50;Resets: 4 visitNo: 224 candSize: 50;Resets: 1 visitNo: 74 candSize: 50;Resets: 7 visitNo: 452 candSize: 50;Resets: 5 visitNo: 306 candSize: 50;Resets: 1 visitNo: 74 candSize: 50;Resets: 6 visitNo: 429 candSize: 50;Resets: 2 visitNo: 152 candSize: 50;Resets: 3 visitNo: 237 candSize: 50;Resets: 2 visitNo: 81 candSize: 50;Resets: 2 visitNo: 137 candSize: 50;Resets: 1 visitNo: 61 candSize: 50;Resets: 2 visitNo: 146 candSize: 50;Resets: 1 visitNo: 74 candSize: 50;Resets: 2 visitNo: 81 candSize: 50;Resets: 2 visitNo: 140 candSize: 50;Resets: 2 visitNo: 150 candSize: 50;Resets: 2 visitNo: 144 candSize: 50;Resets: 6 visitNo: 463 candSize: 50;Resets: 2 visitNo: 159 candSize: 50;Resets: 2 visitNo: 150 candSize: 50;Resets: 3 visitNo: 219 candSize: 50;Resets: 3 visitNo: 141 candSize: 50;Resets: 2 visitNo: 75 candSize: 50;Resets: 1 visitNo: 82 candSize: 50;Resets: 1 visitNo: 65 candSize: 50;Resets: 1 visitNo: 72 candSize: 50;Resets: 4 visitNo: 286 candSize: 50;Resets: 1 visitNo: 68 candSize: 50;Resets: 2 visitNo: 146 candSize: 50;Resets: 3 visitNo: 237 candSize: 50;Resets: 2 visitNo: 140 candSize: 50;Resets: 5 visitNo: 294 candSize: 50;Resets: 3 visitNo: 131 candSize: 50;Resets: 1 visitNo: 81 candSize: 50;Resets: 2 visitNo: 82 candSize: 50;Resets: 1 visitNo: 79 candSize: 50;Resets: 4 visitNo: 218 candSize: 50;Resets: 1 visitNo: 81 candSize: 50;Resets: 4 visitNo: 291 candSize: 50;Resets: 5 visitNo: 365 candSize: 50;Resets: 3 visitNo: 238 candSize: 50;Resets: 4 visitNo: 310 candSize: 50;Resets: 3 visitNo: 77 candSize: 50;Resets: 1 visitNo: 84 candSize: 50;Resets: 3 visitNo: 82 candSize: 50;Resets: 2 visitNo: 146 candSize: 50;Resets: 4 visitNo: 312 candSize: 50;Resets: 4 visitNo: 208 candSize: 50;Resets: 2 visitNo: 153 candSize: 50;Resets: 4 visitNo: 208 candSize: 50;Resets: 3 visitNo: 234 candSize: 50;Resets: 2 visitNo: 136 candSize: 50;Resets: 1 visitNo: 61 candSize: 50;
gridworld.pm(N=50,p=0.999);bold05;-1;-1;100;Resets: 0 visitNo: 1644871 candSize: 2499;Resets: 0 visitNo: 1806790 candSize: 2499;Resets: 0 visitNo: 1706840 candSize: 2499;Resets: 0 visitNo: 1641872 candSize: 2499;Resets: 0 visitNo: 1737824 candSize: 2499;Resets: 0 visitNo: 2329528 candSize: 2499;Resets: 0 visitNo: 1694846 candSize: 2499;Resets: 0 visitNo: 1752817 candSize: 2499;Resets: 0 visitNo: 1552917 candSize: 2499;Resets: 0 visitNo: 1753816 candSize: 2499;Resets: 0 visitNo: 1634876 candSize: 2499;Resets: 0 visitNo: 1761812 candSize: 2499;Resets: 0 visitNo: 1683851 candSize: 2499;Resets: 0 visitNo: 1559913 candSize: 2499;Resets: 0 visitNo: 1609888 candSize: 2499;Resets: 0 visitNo: 1619883 candSize: 2499;Resets: 0 visitNo: 1645870 candSize: 2499;Resets: 0 visitNo: 1902742 candSize: 2499;Resets: 0 visitNo: 1771807 candSize: 2499;Resets: 0 visitNo: 1847769 candSize: 2499;Resets: 0 visitNo: 1573906 candSize: 2499;Resets: 0 visitNo: 1856765 candSize: 2499;Resets: 0 visitNo: 1562912 candSize: 2499;Resets: 0 visitNo: 1620883 candSize: 2499;Resets: 0 visitNo: 1690848 candSize: 2499;Resets: 0 visitNo: 1875755 candSize: 2499;Resets: 0 visitNo: 1547919 candSize: 2499;Resets: 0 visitNo: 1617884 candSize: 2499;Resets: 0 visitNo: 1735825 candSize: 2499;Resets: 0 visitNo: 1669858 candSize: 2499;Resets: 0 visitNo: 1644871 candSize: 2499;Resets: 0 visitNo: 1646870 candSize: 2499;Resets: 0 visitNo: 1533926 candSize: 2499;Resets: 0 visitNo: 1889748 candSize: 2499;Resets: 0 visitNo: 1672857 candSize: 2499;Resets: 0 visitNo: 1722832 candSize: 2499;Resets: 0 visitNo: 1612887 candSize: 2499;Resets: 0 visitNo: 1720833 candSize: 2499;Resets: 0 visitNo: 1708839 candSize: 2499;Resets: 0 visitNo: 1710838 candSize: 2499;Resets: 0 visitNo: 1665860 candSize: 2499;Resets: 0 visitNo: 1604891 candSize: 2499;Resets: 0 visitNo: 2166610 candSize: 2499;Resets: 0 visitNo: 1582902 candSize: 2499;Resets: 0 visitNo: 2067659 candSize: 2499;Resets: 0 visitNo: 1545920 candSize: 2499;Resets: 0 visitNo: 2193596 candSize: 2499;Resets: 0 visitNo: 1561912 candSize: 2499;Resets: 0 visitNo: 1872757 candSize: 2499;Resets: 0 visitNo: 1624881 candSize: 2499;Resets: 0 visitNo: 1746820 candSize: 2499;Resets: 0 visitNo: 1761812 candSize: 2499;Resets: 0 visitNo: 1654866 candSize: 2499;Resets: 0 visitNo: 1721832 candSize: 2499;Resets: 0 visitNo: 1931727 candSize: 2499;Resets: 0 visitNo: 1644871 candSize: 2499;Resets: 0 visitNo: 1560913 candSize: 2499;Resets: 0 visitNo: 1583901 candSize: 2499;Resets: 0 visitNo: 1628879 candSize: 2499;Resets: 0 visitNo: 1555915 candSize: 2499;Resets: 0 visitNo: 1758814 candSize: 2499;Resets: 0 visitNo: 1768809 candSize: 2499;Resets: 0 visitNo: 1645870 candSize: 2499;Resets: 0 visitNo: 1868759 candSize: 2499;Resets: 0 visitNo: 1605890 candSize: 2499;Resets: 0 visitNo: 1595895 candSize: 2499;Resets: 0 visitNo: 1628879 candSize: 2499;Resets: 0 visitNo: 1576905 candSize: 2499;Resets: 0 visitNo: 1552917 candSize: 2499;Resets: 0 visitNo: 1664861 candSize: 2499;Resets: 0 visitNo: 1586900 candSize: 2499;Resets: 0 visitNo: 1536925 candSize: 2499;Resets: 0 visitNo: 1537924 candSize: 2499;Resets: 0 visitNo: 1741822 candSize: 2499;Resets: 0 visitNo: 1676855 candSize: 2499;Resets: 0 visitNo: 1621882 candSize: 2499;Resets: 0 visitNo: 1918734 candSize: 2499;Resets: 0 visitNo: 1553916 candSize: 2499;Resets: 0 visitNo: 1803791 candSize: 2499;Resets: 0 visitNo: 1582902 candSize: 2499;Resets: 0 visitNo: 1564911 candSize: 2499;Resets: 0 visitNo: 1805790 candSize: 2499;Resets: 0 visitNo: 1518934 candSize: 2499;Resets: 0 visitNo: 1576905 candSize: 2499;Resets: 0 visitNo: 1713836 candSize: 2499;Resets: 0 visitNo: 1565910 candSize: 2499;Resets: 0 visitNo: 1570908 candSize: 2499;Resets: 0 visitNo: 1686850 candSize: 2499;Resets: 0 visitNo: 1541922 candSize: 2499;Resets: 0 visitNo: 1638874 candSize: 2499;Resets: 0 visitNo: 1817784 candSize: 2499;Resets: 0 visitNo: 1739823 candSize: 2499;Resets: 0 visitNo: 1570908 candSize: 2499;Resets: 0 visitNo: 1934726 candSize: 2499;Resets: 0 visitNo: 1698844 candSize: 2499;Resets: 0 visitNo: 1817784 candSize: 2499;Resets: 0 visitNo: 1609888 candSize: 2499;Resets: 0 visitNo: 1651867 candSize: 2499;Resets: 0 visitNo: 1530928 candSize: 2499;Resets: 0 visitNo: 1569908 candSize: 2499;
not_gridworld.pm(N=50,p=0.999);bold05;-1;-1;100;Resets: 0 visitNo: 1760813 candSize: 2499;Resets: 0 visitNo: 1903741 candSize: 2499;Resets: 0 visitNo: 1671857 candSize: 2499;Resets: 0 visitNo: 1838774 candSize: 2499;Resets: 0 visitNo: 1663861 candSize: 2499;Resets: 0 visitNo: 1545920 candSize: 2549;Resets: 0 visitNo: 1740823 candSize: 2499;Resets: 0 visitNo: 1604891 candSize: 2499;Resets: 0 visitNo: 1663861 candSize: 2499;Resets: 0 visitNo: 1532927 candSize: 2499;Resets: 0 visitNo: 1709838 candSize: 2499;Resets: 0 visitNo: 1801792 candSize: 2499;Resets: 0 visitNo: 1723831 candSize: 2499;Resets: 0 visitNo: 1758814 candSize: 2499;Resets: 0 visitNo: 1845770 candSize: 2499;Resets: 0 visitNo: 1719833 candSize: 2499;Resets: 0 visitNo: 1787799 candSize: 2499;Resets: 0 visitNo: 1623881 candSize: 2499;Resets: 0 visitNo: 1658864 candSize: 2499;Resets: 0 visitNo: 1546920 candSize: 2549;Resets: 0 visitNo: 1803791 candSize: 2499;Resets: 0 visitNo: 2065660 candSize: 2499;Resets: 0 visitNo: 1651867 candSize: 2499;Resets: 0 visitNo: 2183601 candSize: 2499;Resets: 0 visitNo: 2032677 candSize: 2499;Resets: 0 visitNo: 1692847 candSize: 2499;Resets: 0 visitNo: 1555915 candSize: 2549;Resets: 0 visitNo: 1655865 candSize: 2499;Resets: 0 visitNo: 1626880 candSize: 2499;Resets: 0 visitNo: 1567909 candSize: 2499;Resets: 0 visitNo: 1601892 candSize: 2499;Resets: 0 visitNo: 1658864 candSize: 2499;Resets: 0 visitNo: 1615885 candSize: 2499;Resets: 0 visitNo: 1645870 candSize: 2499;Resets: 0 visitNo: 1623881 candSize: 2499;Resets: 0 visitNo: 1587899 candSize: 2499;Resets: 0 visitNo: 1744821 candSize: 2499;Resets: 0 visitNo: 1648869 candSize: 2499;Resets: 0 visitNo: 1936725 candSize: 2499;Resets: 0 visitNo: 1618884 candSize: 2499;Resets: 0 visitNo: 1644871 candSize: 2499;Resets: 0 visitNo: 1610888 candSize: 2499;Resets: 0 visitNo: 1701842 candSize: 2499;Resets: 0 visitNo: 1758814 candSize: 2499;Resets: 0 visitNo: 1615885 candSize: 2499;Resets: 0 visitNo: 1755815 candSize: 2499;Resets: 0 visitNo: 1651867 candSize: 2499;Resets: 0 visitNo: 1627879 candSize: 2499;Resets: 0 visitNo: 1555915 candSize: 2499;Resets: 0 visitNo: 1959713 candSize: 2499;Resets: 0 visitNo: 2225580 candSize: 2499;Resets: 0 visitNo: 1732827 candSize: 2499;Resets: 0 visitNo: 1727829 candSize: 2499;Resets: 0 visitNo: 1626880 candSize: 2499;Resets: 0 visitNo: 1625880 candSize: 2499;Resets: 0 visitNo: 1790798 candSize: 2499;Resets: 0 visitNo: 1780803 candSize: 2499;Resets: 0 visitNo: 1594896 candSize: 2499;Resets: 0 visitNo: 1743821 candSize: 2499;Resets: 0 visitNo: 1592897 candSize: 2499;Resets: 0 visitNo: 2457464 candSize: 2499;Resets: 0 visitNo: 1581902 candSize: 2499;Resets: 0 visitNo: 1959713 candSize: 2499;Resets: 0 visitNo: 1575905 candSize: 2549;Resets: 0 visitNo: 2040673 candSize: 2499;Resets: 0 visitNo: 1704841 candSize: 2499;Resets: 0 visitNo: 2414486 candSize: 2499;Resets: 0 visitNo: 1850768 candSize: 2499;Resets: 0 visitNo: 1714836 candSize: 2499;Resets: 0 visitNo: 1761812 candSize: 2499;Resets: 0 visitNo: 1944721 candSize: 2499;Resets: 0 visitNo: 2167609 candSize: 2499;Resets: 0 visitNo: 1688849 candSize: 2499;Resets: 0 visitNo: 1644871 candSize: 2499;Resets: 0 visitNo: 1585900 candSize: 2499;Resets: 0 visitNo: 1553916 candSize: 2499;Resets: 0 visitNo: 2459463 candSize: 2499;Resets: 0 visitNo: 2200593 candSize: 2499;Resets: 0 visitNo: 1735825 candSize: 2499;Resets: 0 visitNo: 1724831 candSize: 2499;Resets: 0 visitNo: 1908739 candSize: 2499;Resets: 0 visitNo: 1725830 candSize: 2499;Resets: 0 visitNo: 2663361 candSize: 2499;Resets: 0 visitNo: 1675855 candSize: 2499;Resets: 0 visitNo: 1879753 candSize: 2499;Resets: 0 visitNo: 1512937 candSize: 2499;Resets: 0 visitNo: 1751817 candSize: 2499;Resets: 0 visitNo: 2067659 candSize: 2499;Resets: 0 visitNo: 1638874 candSize: 2499;Resets: 0 visitNo: 1603891 candSize: 2499;Resets: 0 visitNo: 1694846 candSize: 2499;Resets: 0 visitNo: 1772807 candSize: 2499;Resets: 0 visitNo: 1607889 candSize: 2499;Resets: 0 visitNo: 1557914 candSize: 2499;Resets: 0 visitNo: 1555915 candSize: 2499;Resets: 0 visitNo: 1565910 candSize: 2499;Resets: 0 visitNo: 1870758 candSize: 2499;Resets: 0 visitNo: 1781802 candSize: 2499;Resets: 0 visitNo: 1896745 candSize: 2499;Resets: 0 visitNo: 1552917 candSize: 2499;
crowds_nodl.pm(TotalRuns=6,CrowdSize=15);bold05;1.0;229.44;0;Resets: 0 visitNo: 40 candSize: 1;Resets: 1 visitNo: 141 candSize: 1;Resets: 3 visitNo: 214 candSize: 1;Resets: 0 visitNo: 25 candSize: 1;Resets: 0 visitNo: 54 candSize: 1;Resets: 0 visitNo: 40 candSize: 1;init;Resets: 0 visitNo: 54 candSize: 1;Resets: 1 visitNo: 214 candSize: 1;Resets: 0 visitNo: 54 candSize: 1;Resets: 0 visitNo: 83 candSize: 1;Resets: 0 visitNo: 54 candSize: 1;Resets: 0 visitNo: 25 candSize: 1;Resets: 1 visitNo: 69 candSize: 1;init;Resets: 2 visitNo: 141 candSize: 1;Resets: 0 visitNo: 98 candSize: 1;Resets: 3 visitNo: 170 candSize: 1;Resets: 0 visitNo: 40 candSize: 1;init;Resets: 2 visitNo: 185 candSize: 1;Resets: 0 visitNo: 69 candSize: 1;Resets: 1 visitNo: 170 candSize: 1;Resets: 0 visitNo: 69 candSize: 1;Resets: 0 visitNo: 69 candSize: 1;Resets: 1 visitNo: 112 candSize: 1;Resets: 0 visitNo: 54 candSize: 1;init;Resets: 0 visitNo: 69 candSize: 1;Resets: 0 visitNo: 40 candSize: 1;Resets: 2 visitNo: 301 candSize: 1;Resets: 3 visitNo: 301 candSize: 1;Resets: 0 visitNo: 112 candSize: 1;Resets: 1 visitNo: 98 candSize: 1;Resets: 1 visitNo: 112 candSize: 1;Resets: 0 visitNo: 40 candSize: 1;Resets: 2 visitNo: 214 candSize: 1;Resets: 0 visitNo: 54 candSize: 1;Resets: 3 visitNo: 243 candSize: 1;Resets: 0 visitNo: 25 candSize: 1;Resets: 3 visitNo: 272 candSize: 1;Resets: 0 visitNo: 98 candSize: 1;Resets: 1 visitNo: 243 candSize: 1;Resets: 2 visitNo: 301 candSize: 1;Resets: 1 visitNo: 185 candSize: 1;Resets: 13 visitNo: 751 candSize: 1;Resets: 0 visitNo: 40 candSize: 1;Resets: 5 visitNo: 388 candSize: 1;Resets: 1 visitNo: 127 candSize: 1;Resets: 0 visitNo: 83 candSize: 1;Resets: 0 visitNo: 25 candSize: 1;Resets: 1 visitNo: 54 candSize: 1;Resets: 2 visitNo: 185 candSize: 1;Resets: 3 visitNo: 315 candSize: 1;init;Resets: 2 visitNo: 272 candSize: 1;Resets: 4 visitNo: 243 candSize: 1;Resets: 0 visitNo: 25 candSize: 1;Resets: 4 visitNo: 315 candSize: 1;Resets: 0 visitNo: 127 candSize: 1;Resets: 0 visitNo: 54 candSize: 1;Resets: 1 visitNo: 185 candSize: 1;Resets: 0 visitNo: 69 candSize: 1;Resets: 0 visitNo: 83 candSize: 1;Resets: 0 visitNo: 127 candSize: 1;Resets: 1 visitNo: 40 candSize: 1;Resets: 0 visitNo: 69 candSize: 1;Resets: 0 visitNo: 98 candSize: 1;Resets: 0 visitNo: 25 candSize: 1;Resets: 6 visitNo: 388 candSize: 1;Resets: 3 visitNo: 228 candSize: 1;Resets: 0 visitNo: 54 candSize: 1;Resets: 1 visitNo: 141 candSize: 1;Resets: 0 visitNo: 54 candSize: 1;Resets: 1 visitNo: 98 candSize: 1;Resets: 2 visitNo: 83 candSize: 1;Resets: 0 visitNo: 83 candSize: 1;Resets: 0 visitNo: 156 candSize: 1;Resets: 0 visitNo: 98 candSize: 1;Resets: 3 visitNo: 214 candSize: 1;Resets: 4 visitNo: 301 candSize: 1;Resets: 0 visitNo: 40 candSize: 1;Resets: 1 visitNo: 83 candSize: 1;Resets: 0 visitNo: 54 candSize: 1;Resets: 2 visitNo: 83 candSize: 1;Resets: 0 visitNo: 98 candSize: 1;Resets: 2 visitNo: 185 candSize: 1;Resets: 2 visitNo: 83 candSize: 1;Resets: 0 visitNo: 69 candSize: 1;Resets: 0 visitNo: 83 candSize: 1;Resets: 0 visitNo: 69 candSize: 1;Resets: 0 visitNo: 40 candSize: 1;init;Resets: 0 visitNo: 112 candSize: 1;Resets: 1 visitNo: 83 candSize: 1;Resets: 0 visitNo: 25 candSize: 1;Resets: 0 visitNo: 54 candSize: 1;Resets: 0 visitNo: 40 candSize: 1;Resets: 0 visitNo: 40 candSize: 1;Resets: 1 visitNo: 185 candSize: 1;
